customer_id,name,email,city
1,Libni Choudhry,invalid_email,Raurkela Industrial Township
2,Daksh Raju,vedikakhalsa@example.org,Bulandshahr
3,Anusha Chada,jsamra@example.net,Secunderabad
4,Falak Mahajan,baghyawati89@example.org,Kota
5,Robert Som,zsagar@example.org,Gaya
6,Wazir Bala,kmistry@example.org,Giridih
7,Sathvik Khurana,,Ambala
8,Krishna Balay,vedant22@example.net,Nellore
9,Raagini Keer,ogera@example.net,Deoghar
10,Diya Bansal,invalid_email,Ratlam
11,Sarthak Karpe,fyogi@example.com,Ambattur
12,Madhav Narayanan,manya52@example.net,Rampur
13,Harsh Suri,nakulsastry@example.org,Nanded
14,Zarna Uppal,karabha@example.com,Agartala
15,Manbir Rai,saneneha@example.org,Bathinda
16,Udyati Goswami,kadakiameghana@example.com,Yamunanagar
17,Upadhriti Swamy,jramakrishnan@example.net,Amroha
18,Lakshmi Brahmbhatt,chanderwyatt@example.net,Gudivada
19,Ladli Pal,urishillasidhu@example.com,Machilipatnam
20,Amrita Pandey,bhatindira@example.com,Bhusawal
21,Orinder Balay,vaidyalakshit@example.org,Chandrapur
22,Deepa Chaudhari,bhatnagarzehaan@example.net,Gudivada
23,Idika Dada,lnazareth@example.net,Alappuzha
24,Kabir Chana,oni48@example.com,Chandigarh
25,Niharika Kapoor,invalid_email,Agra
26,Aarav Kar,,Mumbai
27,Jackson Date,upal@example.net,Kumbakonam
28,Rachana Rao,arunima70@example.net,Bhimavaram
29,Maanas Kala,invalid_email,Deoghar
30,Omaja Deol,iissac@example.org,Jabalpur
31,Guneet Bhattacharyya,paninisubramaniam@example.org,Noida
32,Ojasvi Varghese,invalid_email,Yamunanagar
33,Noah Bhatt,upasnapatla@example.com,Coimbatore
34,Inaya Modi,sbuch@example.net,Rajkot
35,Neel Doctor,sainiekani@example.net,Warangal
36,Priya Bhargava,hmukhopadhyay@example.net,Kurnool
37,Ikshita Mahal,cdube@example.com,Tezpur
38,Tristan Virk,duttaanamika@example.org,Aizawl
39,Omisha Mane,invalid_email,Kamarhati
40,Isaac Bhavsar,mukherjeeteerth@example.com,Asansol
41,Krisha Chakrabarti,duttabdul@example.com,Srinagar
42,Saksham Toor,ikbal10@example.net,Tiruchirappalli
43,Lakshmi Kala,vansha50@example.net,Rajkot
44,Utkarsh Dube,kmannan@example.org,Sri Ganganagar
45,Aarnav Garg,noricharan@example.com,Jorhat
46,Ishanvi Roy,,Maheshtala
47,Rajeshri Warrior,brahmbhattguneet@example.com,Karnal
48,Zarna Jhaveri,wazir15@example.org,Vijayanagaram
49,Faraj Dhillon,ekbal69@example.org,Ahmednagar
50,Krishna Murty,invalid_email,Hapur
51,Ayaan Basak,nmallick@example.com,Ajmer
52,Oscar Jhaveri,ikshita37@example.org,Hindupur
53,Divya Dash,isamra@example.net,Dhule
54,Ekaja Ahluwalia,nazarethhitesh@example.net,Nagercoil
55,Nimrat Sood,osha12@example.net,Kolkata
56,Arjun Bose,gsharma@example.org,Secunderabad
57,Pratyush Deshmukh,uwalia@example.org,Bilaspur
58,Arunima Ganguly,kalakashvi@example.net,Machilipatnam
59,Eiravati Pau,msachar@example.net,Kottayam
60,Veer Bumb,aahana10@example.org,Kishanganj
61,Aashi Bandi,niteshchoudhry@example.org,Ghaziabad
62,Warjas Radhakrishnan,tanejakeya@example.com,Adoni
63,Gautam Yadav,ltoor@example.org,Sonipat
64,Gavin Bandi,netra53@example.com,Bilaspur
65,Yug Sem,surbalhaar@example.org,Bareilly
66,Jyoti Thakur,harshilvohra@example.com,Rajpur Sonarpur
67,Warda Sachar,subramanianomya@example.org,Hyderabad
68,Daksh Ravel,advaymadan@example.org,Khora 
69,Reyansh Vyas,gnagi@example.org,Guwahati
70,Chaman Dhar,osrinivasan@example.net,Guwahati
71,Kashish Chhabra,scontractor@example.net,Etawah
72,Daniel Goyal,tararohan@example.com,Kadapa
73,Kalpit Subramanian,,Bhilai
74,Gunbir Prashad,invalid_email,Kochi
75,Oeshi Manda,krishna40@example.net,Nashik
76,Robert Divan,gagan37@example.org,Tadepalligudem
77,Jacob Karnik,wgala@example.net,Bidar
78,Kavya Chana,krisha40@example.org,Latur
79,Ijaya Seth,skaran@example.net,Gopalpur
80,Gaurika Muni,vasudhapalan@example.com,Alappuzha
81,Aadi Pall,sachi29@example.com,Pimpri-Chinchwad
82,Champak Mandal,takneel@example.net,Thiruvananthapuram
83,Damyanti Arya,vbuch@example.com,Dehri
84,Chandran Iyengar,zinal34@example.com,Jamnagar
85,Yutika Narain,jsandhu@example.com,Salem
86,Kritika Reddy,dateveer@example.com,Madanapalle
87,Peter Prasad,anshmajumdar@example.com,Guntur
88,Aayush Rege,tarak35@example.net,Guwahati
89,Aadhya Din,wganguly@example.com,Bhilai
90,Aryan Venkataraman,mnarayan@example.net,Mangalore
91,Anvi Varty,wridesh30@example.net,Ulhasnagar
92,Laban Sabharwal,ramaswamyvrinda@example.com,Hubli–Dharwad
93,Anita Pandya,asachdeva@example.org,Ajmer
94,Chakradev Mani,chakrika26@example.com,Guntur
95,Vedhika Dugal,vraghavan@example.net,Madanapalle
96,Ekaja Keer,mlanka@example.net,Silchar
97,Vaishnavi Balasubramanian,vanyaswamy@example.net,Chapra
98,Hemang Vala,vasudha73@example.net,Tenali
99,Michael Borah,nehatiwari@example.com,Bihar Sharif
100,Timothy Sathe,lukebajwa@example.net,Guntakal
101,Anthony Nayak,iyengaryatan@example.net,Motihari
102,Rudra Ben,saxenaisha@example.org,Danapur
103,Warhi Pandya,mangatleena@example.net,Ranchi
104,Anirudh Gopal,invalid_email,Surat
105,Aishani Gandhi,vasatikadatta@example.net,Buxar
106,Bhavini Palan,gkaur@example.com,Sultan Pur Majra
107,Janani Sarkar,kevin82@example.net,Nashik
108,Adweta Chander,advika44@example.net,Bahraich
109,Rajata Bhat,yohannanjasmit@example.net,Bulandshahr
110,Geetika Naik,ikshitamand@example.com,Udaipur
111,Rajeshri Apte,wmann@example.org,Bhopal
112,Vedhika Bath,tamannamann@example.com,Parbhani
113,Mason Pant,parsazehaan@example.org,Secunderabad
114,Manya Ghose,qborde@example.com,Karimnagar
115,Shravya Seth,wahabratta@example.net,Hosur
116,Gautam Deo,kkarpe@example.com,Kota
117,Vidhi Goyal,xram@example.net,Srikakulam
118,Isha Devan,zkadakia@example.net,Bilaspur
119,Xiti Nigam,champakbora@example.org,Jodhpur
120,Tamanna Kade,samrazashil@example.org,Nagercoil
121,Gauri Ahuja,deepa73@example.org,Delhi
122,Alka Dave,swamybhavika@example.net,Mirzapur
123,Fitan Wali,vsekhon@example.net,Arrah
124,Vrishti Rao,qarinprabhu@example.net,Surendranagar Dudhrej
125,Faris Barman,sonizayyan@example.org,Phusro
126,Omisha Varghese,reddyjhalak@example.net,Ozhukarai
127,Aarna Balan,chaayabir@example.net,Sirsa
128,Radha Pandya,bimala82@example.com,Gorakhpur
129,Girish Bail,baradtriya@example.com,Bharatpur
130,Nimrat Lad,damini18@example.org,Bikaner
131,Yug Saraf,epalla@example.org,Pali
132,Mugdha Dugar,champak49@example.net,Silchar
133,Ekiya Kara,umander@example.org,Navi Mumbai
134,Manthan Murty,bhavna40@example.com,Srinagar
135,Gaurangi Panchal,fnadkarni@example.org,Dehri
136,Gagan Bail,njohal@example.net,Agartala
137,Rohan Vohra,januja48@example.net,Patiala
138,Gaurav Sood,boraoliver@example.net,Phusro
139,Sai Sathe,urmidugal@example.org,Ghaziabad
140,Aarna Dhaliwal,sureshgagan@example.org,Tiruppur
141,Mohini Prashad,jack91@example.com,Serampore
142,Janani Shukla,ipant@example.org,Karnal
143,Aarav Munshi,manthanchar@example.net,Unnao
144,Onveer Salvi,quincypandit@example.com,Patiala
145,Harish Hegde,yadavi11@example.com,Danapur
146,Harish Pal,invalid_email,Patna
147,Hemang Ramachandran,vdey@example.com,Hyderabad
148,Ganga Kashyap,zdhingra@example.net,Ahmedabad
149,Faqid Rai,baltamanna@example.net,Surat
150,Upasna Dara,diya38@example.com,Srinagar
151,Qasim Aurora,gokhaleeiravati@example.org,Ramgarh
152,Azad Rana,veer03@example.org,Bhiwandi
153,Yatin Karnik,pguha@example.com,Karaikudi
154,Tripti Khare,charita49@example.org,Jaunpur
155,Vrishti Narayan,upasnadesai@example.net,Naihati
156,Oviya Boase,gandhihardik@example.net,Tezpur
157,Liam Kapur,manbir30@example.com,Rajpur Sonarpur
158,Tara Murthy,varenya84@example.org,Raebareli
159,Tanvi Konda,mcherian@example.org,Durg
160,Shivansh Bera,chaitanyahalder@example.com,Visakhapatnam
161,Saumya Master,odada@example.com,Silchar
162,Naksh Nath,jpatla@example.com,Bellary
163,Reyansh Kar,dalajalata@example.com,Tezpur
164,Atharv Khurana,ksengupta@example.org,Junagadh
165,David Ramachandran,robertkadakia@example.org,Ballia
166,Chaitaly More,sarasen@example.com,Bokaro
167,Lakshit Gole,pushtiedwin@example.com,Morena
168,Qarin Chaudhuri,rishichawla@example.org,Bhalswa Jahangir Pur
169,Maya Rastogi,routtanmayi@example.net,Arrah
170,Tanmayi Date,amarabajaj@example.org,Ranchi
171,Jeremiah Bhatti,kevin18@example.com,Indore
172,Faris Saran,invalid_email,Tinsukia
173,Pushti Mane,calebsami@example.net,Sri Ganganagar
174,Devansh Gaba,fsamra@example.org,Kanpur
175,Ekantika Kannan,nazarethtanay@example.net,Mira-Bhayandar
176,Waida Wagle,gillarya@example.net,Kochi
177,Nitesh Balasubramanian,prabhakarjeet@example.com,Mysore
178,Alka Naidu,mahika99@example.net,Alwar
179,Xalak Sur,tara34@example.org,Gopalpur
180,Ishwar Shanker,nairsachi@example.net,Jaipur
181,Jeevika Sani,viswanathanwarhi@example.com,Narasaraopet
182,Girish Das,chandresh44@example.org,Rajahmundry
183,Chatresh Tripathi,daslila@example.net,Panvel
184,Falguni Jha,nbawa@example.net,Amaravati
185,Harita Vasa,harinakshi68@example.com,Amravati
186,Sai Rattan,bhallaneha@example.net,Jammu
187,Arjun Kuruvilla,geetika88@example.org,Ratlam
188,Om Palla,dayita75@example.org,Unnao
189,Manan Badami,wpathak@example.net,Deoghar
190,Pranav Minhas,nsrinivas@example.com,Junagadh
191,Neelima Manne,rameshchanakya@example.com,Kirari Suleman Nagar
192,Aashi Chana,mangathredhaan@example.com,Bihar Sharif
193,Karan Edwin,geetika02@example.com,Orai
194,Sanaya Parmer,,Vellore
195,Wishi Baral,vigdaksh@example.com,Chittoor
196,Gautam Bajwa,nayaksiya@example.com,Guwahati
197,Bhavika Savant,abhatella@example.org,Ballia
198,Upkaar Ray,boraamol@example.com,Bardhaman
199,Krish Banik,ishita56@example.net,Mirzapur
200,Ojas Bhatti,triveni35@example.org,Belgaum
201,Sanya Sarin,gautamsama@example.org,Cuttack
202,Gautam Datta,ymaster@example.org,Davanagere
203,Hredhaan Ratta,,Kurnool
204,Upkaar Sengupta,parthbasu@example.com,Adoni
205,Falguni Rajagopal,kraval@example.net,Saharsa
206,Patrick Kaur,sbaral@example.org,Bahraich
207,Shivani Butala,invalid_email,Chandigarh
208,Advika Sura,rattaanjali@example.com,Jaipur
209,Mekhala Ray,jaingaurav@example.org,Bijapur
210,Rehaan Khatri,banjeet52@example.com,Nanded
211,Siya Karan,danikrisha@example.net,Khammam
212,Tripti Salvi,jchakraborty@example.org,Begusarai
213,Timothy Gala,krishkara@example.net,Bettiah
214,Harrison Khare,rastogixavier@example.org,Kulti
215,Yauvani Sibal,kavyaarora@example.com,Ongole
216,Gabriel Bobal,maanaskala@example.com,Unnao
217,Mekhala Mandal,arunimabarad@example.net,Bidar
218,Advaith Om,ichaudhari@example.org,Maheshtala
219,Bhavini Apte,dyaldhriti@example.net,Jorhat
220,Maanas Dani,invalid_email,North Dumdum
221,Ira Shroff,bbhakta@example.com,Thoothukudi
222,Vincent Mani,nnori@example.com,Amritsar
223,Reyansh Buch,etarana@example.org,Bidar
224,Triveni Tata,qchakrabarti@example.org,Katni
225,Dhriti Garde,yahvikrishnan@example.net,Naihati
226,Nisha Parekh,jagdish25@example.org,Kota
227,Pranit Bansal,hkeer@example.org,Guna
228,Bimala Handa,chandanivasa@example.net,Jaipur
229,Joshua Subramanian,wchawla@example.org,Lucknow
230,Anthony Manne,odikadua@example.com,Anand
231,Jackson Radhakrishnan,dhruv38@example.org,Maheshtala
232,Wakeeta Pal,dhruv25@example.net,Bhiwandi
233,Vidhi Misra,horaishaan@example.net,Purnia
234,Nihal Jha,bhavna94@example.org,Tiruchirappalli
235,Falguni Devi,,Satna
236,Finn Chakrabarti,bishakhaamble@example.com,Nangloi Jat
237,Rishi Bala,aarnaandra@example.net,Raichur
238,Mahika Pingle,sankaranharita@example.net,Gopalpur
239,Faraj Borde,khari@example.com,Kolkata
240,Bahadurjit Lad,pautarak@example.net,Gorakhpur
241,Yamini Kibe,keyadhaliwal@example.org,Chinsurah
242,Alka Bhalla,xbiswas@example.org,Suryapet
243,Darika Mane,ishanimallick@example.org,Aurangabad
244,Samar Sarna,vedhika49@example.com,Siliguri
245,Warinder Narain,ganeshprisha@example.net,Aligarh
246,Faras Ramanathan,jeetmane@example.com,Bathinda
247,Diya Shanker,falguni26@example.com,Mehsana
248,Isaiah Hegde,valabalhaar@example.com,Ramagundam
249,Naksh Garde,hmutti@example.net,Bihar Sharif
250,Ekta Dora,izacharia@example.com,Panchkula
251,Guneet Khurana,invalid_email,Sambalpur
252,Patrick Bhagat,epandey@example.org,Bihar Sharif
253,Avi Mital,lrandhawa@example.org,Varanasi
254,Nisha Dara,khalsavedant@example.com,Kanpur
255,Pushti Cherian,ysubramanian@example.com,Mehsana
256,Arya Dara,christopher95@example.net,Gaya
257,Manya Tandon,chanderfarhan@example.org,Jalna
258,Noah Savant,upadhriti55@example.net,Patiala
259,Nihal Kapoor,geraekantika@example.com,Hajipur
260,Meera Khare,aayush07@example.org,Kharagpur
261,Rohan Babu,bcherian@example.org,Tirupati
262,Kashish Kulkarni,isaiah73@example.com,Bhimavaram
263,Samuel Mitter,indali56@example.com,Mau
264,Aarna Tiwari,charitanath@example.org,Malegaon
265,Anvi Dani,bhanumatisane@example.com,Kamarhati
266,Omisha Mahal,jeremiah61@example.net,Sonipat
267,Isaiah Parsa,udarsh18@example.com,Mau
268,Samar Prashad,invalid_email,Kurnool
269,Aryan Patil,baghyawati03@example.org,Pimpri-Chinchwad
270,Devansh Anand,haritabalan@example.net,Satara
271,Faqid Guha,vsrinivas@example.com,Rourkela
272,Ishanvi Deep,mbali@example.org,Bardhaman
273,Eta Sani,dhawanpriya@example.com,Ajmer
274,Sathvik Grover,,Kharagpur
275,Luke Sinha,hmallick@example.net,Imphal
276,Vansha Raj,bahadurjitchaudhry@example.com,Mangalore
277,Ekavir Bains,borrarachana@example.com,Panchkula
278,Fitan Mand,vasatikagade@example.com,Dindigul
279,Wishi Cherian,gauravramesh@example.net,Motihari
280,Warinder Kala,abhimanyudora@example.com,Sambhal
281,Ayushman Bhatti,moremegha@example.net,Bihar Sharif
282,Warda Dash,,Ongole
283,Nidhi Nayar,jacksonzachariah@example.com,Berhampore
284,Mekhala Bala,samarth48@example.net,Rajahmundry
285,Anamika Venkataraman,elad@example.net,Gudivada
286,Xiti Baral,amarabali@example.org,Bellary
287,Vivaan Hayre,,Gangtok
288,Rushil Mishra,dhriti76@example.org,Silchar
289,Vasatika Patla,nakshnaik@example.net,Kolhapur
290,Tristan Mangal,chaudhrylibni@example.org,Gaya
291,Yadavi Bajaj,bajajdayita@example.net,Erode
292,Faris Kata,shenoychaitanya@example.com,Baranagar
293,Aradhana Tella,nidhitailor@example.com,Thoothukudi
294,Madhavi Bajwa,arunimabahl@example.net,Sagar
295,Jackson Nagi,cborra@example.com,Kochi
296,Jack Sampath,iram@example.com,Bettiah
297,Vedika Rana,,Tiruppur
298,Andrew Sem,bailsarthak@example.net,Erode
299,Chaitaly Om,settykalpit@example.net,Singrauli
300,Vedant Kari,bachittar13@example.net,Ambattur
301,Yashasvi Date,pushti20@example.com,Phusro
302,Chaaya Sharma,sachdevhemal@example.org,Purnia
303,Bhanumati Sengupta,hredhaan85@example.net,Parbhani
304,Gaurav Rastogi,,Thane
305,Reva Tailor,chaudharibalveer@example.org,Kulti
306,Charles Kapadia,mugdha34@example.net,Sonipat
307,Chandresh Acharya,,Nagercoil
308,Widisha Venkatesh,amruta24@example.org,Bokaro
309,Pushti Savant,bathshivansh@example.org,Bahraich
310,Bhavika D’Alia,invalid_email,Rajpur Sonarpur
311,Jalsa Subramanian,mannwarhi@example.org,Sambalpur
312,Advaith Brar,urvashimenon@example.net,Jalandhar
313,Ayaan Mahal,brege@example.org,Amroha
314,Ishanvi Sawhney,sureshcharles@example.org,Vijayanagaram
315,Sanya Wadhwa,rajeshri22@example.org,Miryalaguda
316,Timothy Atwal,rseth@example.org,Tadipatri
317,Vasatika Chawla,jgopal@example.org,Gandhinagar
318,Krishna Talwar,kabirpandey@example.com,Pimpri-Chinchwad
319,Charita Sachdev,shethbalvan@example.net,Ajmer
320,Leena Hans,adweta52@example.org,Aurangabad
321,Yashvi Mandal,invalid_email,Muzaffarnagar
322,Jackson Dara,wablemeera@example.org,Durg
323,Raagini Sha,,Guna
324,Naveen Wable,darajagdish@example.net,Gandhidham
325,Om Ramanathan,saumyalad@example.com,Thiruvananthapuram
326,Chakradhar Bhargava,ebains@example.net,Raipur
327,Logan Vyas,ishaan30@example.net,Jamshedpur
328,Chakrika Krish,khareanvi@example.net,Howrah
329,Wishi Som,ykhanna@example.com,Dhule
330,Chavvi Ganguly,vasasudiksha@example.net,Raichur
331,Kashish Bhalla,bishakha89@example.net,Hubli–Dharwad
332,Guneet Pillay,ogokhale@example.com,Tiruppur
333,Finn Bail,auroradarpan@example.org,Bulandshahr
334,Kashish Kala,anushakothari@example.net,Nizamabad
335,Ojasvi Sodhi,balaykala@example.net,Nangloi Jat
336,Warda Sur,bina54@example.org,Sonipat
337,Yashvi Saran,aarnakarnik@example.org,Tinsukia
338,Saanvi Jhaveri,baljiwan97@example.net,Bhopal
339,Frederick Taneja,aradhanapalan@example.net,Phusro
340,Gunbir Aggarwal,oviya64@example.org,Kanpur
341,Ati Kata,glal@example.net,Ichalkaranji
342,Sanya Wadhwa,misraqushi@example.net,Machilipatnam
343,Gauri Pillay,fsama@example.net,Motihari
344,Amol Batra,xshere@example.net,Alappuzha
345,Imaran Nagy,jatintalwar@example.net,Danapur
346,Wahab Bhargava,bailwazir@example.com,Saharanpur
347,Quincy Kala,parthnanda@example.com,Tinsukia
348,Bhanumati Sankaran,garaparth@example.com,Thiruvananthapuram
349,Vansha Keer,buchindira@example.com,Chittoor
350,Krishna Patil,ishaankunda@example.com,Haridwar
351,Darpan Bhattacharyya,invalid_email,Danapur
352,Amrita Garg,invalid_email,Silchar
353,Wridesh Balakrishnan,lavanya45@example.com,Silchar
354,Sachi Ganguly,gdasgupta@example.org,Saharanpur
355,Jagrati Verma,yasti71@example.org,Muzaffarnagar
356,Siya Grover,wsom@example.net,Bharatpur
357,Keya Raman,hsoni@example.org,Srikakulam
358,Darika Kuruvilla,ilad@example.com,Bhiwandi
359,Arunima Natarajan,invalid_email,Berhampur
360,Rachana Dutta,nsangha@example.com,Shivpuri
361,Naksh Kale,jswaminathan@example.org,Thoothukudi
362,Guneet Sami,girindra53@example.com,Ramgarh
363,Girik Kara,horachasmum@example.com,Raurkela Industrial Township
364,Anita Rajan,bahadurjit73@example.org,Latur
365,Parth Chada,andrew47@example.com,Surat
366,Amrita Bhatia,chaayadara@example.com,Tadipatri
367,Dipta Goel,bandifaras@example.org,Kavali
368,Ethan Raj,narangchampak@example.com,North Dumdum
369,Azaan Dash,gopalrandhawa@example.org,Delhi
370,Kavya Banerjee,ekalinga28@example.com,Gaya
371,Jason Sachar,yasti31@example.com,Karnal
372,Jatin Hayer,ramachandransarthak@example.org,Uluberia
373,Jatin More,csant@example.org,Mango
374,Ishani Bhagat,wmaster@example.com,Mahbubnagar
375,Amara Agrawal,qsuri@example.org,Giridih
376,Brinda Chandran,anikakumar@example.org,Lucknow
377,Manan Parmar,seshadrivaishnavi@example.org,Jamnagar
378,Madhav Rout,karniknidhi@example.net,Gurgaon
379,Pranav Butala,rajagopalanjali@example.org,Jamnagar
380,Urvashi Grover,krish63@example.org,Kota
381,Bakhshi Patla,ikballal@example.com,Bettiah
382,Inaya Mall,ekale@example.net,Junagadh
383,Eesha Oommen,aradhanashenoy@example.org,Giridih
384,Rayaan Goyal,keyaboase@example.org,Mumbai
385,Elijah Johal,hayrechandran@example.net,Thane
386,Samaksh Sekhon,oviyarai@example.com,Tirunelveli
387,Bhavika Oak,chandqushi@example.com,Guwahati
388,Rajata Bhagat,om88@example.org,Singrauli
389,Forum Sarin,tbatta@example.com,Bokaro
390,Ekiya Natt,agastya25@example.com,Akola
391,Ladli Bal,mandakavya@example.net,Sonipat
392,Chameli Tella,nachiket11@example.com,Hospet
393,Yashawini Banerjee,wyattchaudhary@example.net,Buxar
394,Charvi Muni,yash15@example.net,Kota
395,Jagvi Samra,divya25@example.net,Kochi
396,Kala Warrior,oeshi82@example.org,Katihar
397,Arya Kumar,wsood@example.com,Sambhal
398,Vrinda Shankar,barkhaupadhyay@example.com,Davanagere
399,Jasmit Chaudhary,warinderkara@example.org,Bathinda
400,Eshana Varkey,igaba@example.com,Allahabad
401,Omya Sundaram,,Karaikudi
402,Atharv Mani,varenyadixit@example.net,Anantapur
403,Gopal Dhawan,deyalka@example.com,Vijayanagaram
404,Bishakha Aggarwal,mallharrison@example.org,Chandigarh
405,Xiti Dutt,bandigeetika@example.net,Guwahati
406,Reva Kaur,diyanazareth@example.com,Panihati
407,Ryan Bhagat,jagat67@example.net,Kulti
408,Shaurya Purohit,petertak@example.net,Bhubaneswar
409,Liam Banerjee,tankharinakshi@example.org,Mumbai
410,Panini Sengupta,ijaya04@example.com,Muzaffarnagar
411,Yashoda Randhawa,yuvrajmangat@example.org,Sri Ganganagar
412,Owen Bhasin,maxkaur@example.net,Asansol
413,Timothy Dua,darsh37@example.org,Ghaziabad
414,Leena Sodhi,rganguly@example.org,Rourkela
415,Ikshita Bhatnagar,invalid_email,Gwalior
416,Triveni Zachariah,bvarma@example.com,Nadiad
417,Balvan Bobal,nchokshi@example.org,Bhagalpur
418,Elijah Srivastava,ria53@example.net,Kollam
419,Theodore Bajaj,gaurang93@example.org,Latur
420,Rohan Brahmbhatt,qsinghal@example.org,Solapur
421,Yatan Salvi,fmann@example.com,Imphal
422,Yahvi Raj,harshjayaraman@example.net,Bulandshahr
423,Yauvani Tailor,varsha99@example.net,Giridih
424,Qabil Choudhry,jkota@example.com,Bongaigaon
425,Radha Rastogi,behlbhavini@example.com,Chandrapur
426,Onveer Nori,michaelchana@example.org,Kumbakonam
427,Joshua Issac,anikabali@example.net,Muzaffarpur
428,Yagnesh Peri,fmane@example.com,Warangal
429,Triya Narang,fiyazdeol@example.net,Sagar
430,Kashish Wagle,shravyakarpe@example.org,Mango
431,Inaya Lata,jagat70@example.net,Phagwara
432,Ishwar Yadav,kohliisaac@example.com,Adoni
433,Vasudha Khalsa,dhritisankaran@example.com,Mahbubnagar
434,Yagnesh Gokhale,lajita86@example.net,Thiruvananthapuram
435,Tanvi Chad,vartyjalsa@example.net,Guwahati
436,Robert Khanna,,Jamalpur
437,Nihal Kumar,mittalbalveer@example.com,Mysore
438,Balendra Rattan,csolanki@example.org,Anantapuram
439,Vasatika Murthy,harini05@example.net,Udupi
440,Atharv Sandal,rnarayan@example.net,Chittoor
441,Tanveer Sankaran,gokhaleaachal@example.net,Bhind
442,Vedhika Memon,ddixit@example.net,Bijapur
443,Chavvi Rege,kthaman@example.org,Amroha
444,Divya Trivedi,invalid_email,Bulandshahr
445,Aashi Zacharia,,Tirupati
446,Dalaja Vora,nidra80@example.com,Singrauli
447,Radha Nath,tristan17@example.org,Raipur
448,Yahvi Tiwari,gourdalbir@example.org,Jaunpur
449,Amara Ray,dinqasim@example.org,Shahjahanpur
450,Azad Chacko,mitterati@example.com,Erode
451,Jhalak Kata,chakradevsawhney@example.net,Hindupur
452,Jagat Ravel,ethan39@example.net,Chandrapur
453,Kabir Reddy,yashodharamander@example.com,Howrah
454,Ladli Wali,ntata@example.net,Pimpri-Chinchwad
455,Gauri Nath,echeema@example.com,Munger
456,Eta Golla,,Motihari
457,Lekha Sarin,krishnamurthykritika@example.org,Jehanabad
458,Saanvi Kale,ekanta73@example.org,Proddatur
459,Mitali Chandran,dgara@example.net,Berhampore
460,Qasim Dar,jackson48@example.org,Thoothukudi
461,Bhavika Sem,kantarin@example.com,Tinsukia
462,Nakul Raju,kdubey@example.net,Bulandshahr
463,Karan Nigam,kritikavora@example.net,Jabalpur
464,Anay Mane,hganesan@example.net,Jamalpur
465,Gopal Aggarwal,bhatnagarhritik@example.org,Bettiah
466,Ridhi Sachdev,beraurvi@example.net,Khora 
467,Gauri Dhillon,hritik85@example.com,Bhimavaram
468,Hredhaan Wali,krajan@example.net,Bhiwani
469,Upadhriti Banik,invalid_email,Bhilwara
470,Vamakshi Mukhopadhyay,harinakshisoman@example.org,Visakhapatnam
471,Ganga Jhaveri,reyansh30@example.org,Kumbakonam
472,Ishaan Karnik,zmandal@example.net,Moradabad
473,Chasmum Mand,lbatta@example.com,Medininagar
474,Joshua Bhandari,pushtichoudhury@example.org,Nagaon
475,Balendra Dutta,duttapahal@example.net,Jehanabad
476,Jyoti Jani,sanya53@example.net,Guwahati
477,Rachita Setty,magarhenry@example.org,Bathinda
478,Fariq Bahri,amolbahl@example.org,Alwar
479,Chasmum Naidu,chowdhuryudyati@example.com,Thiruvananthapuram
480,Panini Dixit,jackson93@example.com,Sonipat
481,Turvi Sastry,xdixit@example.com,Nandyal
482,Warjas Sarkar,sdugar@example.com,Tadepalligudem
483,Jai Rau,ckurian@example.net,Satna
484,Ekavir Natt,zbarman@example.com,Rampur
485,Yagnesh Walla,munshifrado@example.com,Kochi
486,Ojasvi Narula,kapurisha@example.net,Ajmer
487,Yasti Kari,ynarang@example.com,Rajpur Sonarpur
488,Faqid Mukherjee,pbava@example.com,Arrah
489,Madhavi Mitra,yashodhara44@example.org,Surat
490,Isha Bahl,jacksingh@example.net,Meerut
491,Darsh Peri,opillai@example.com,Durg
492,Ekalinga Kala,,Chapra
493,Gautami Bora,sanyananda@example.net,Hajipur
494,Amara Agrawal,irajagopal@example.com,Bhilwara
495,Theodore Dugar,snagy@example.org,Imphal
496,Keya Pillai,munisamuel@example.com,Sri Ganganagar
497,Aarnav Virk,hemangmittal@example.com,Dibrugarh
498,Balvan Ganguly,nihal18@example.org,Bhagalpur
499,Lohit Raja,aiyer@example.org,Delhi
500,Anvi Srinivasan,ekapadkeer@example.net,Meerut
501,Pranit Rama,bhandariomaja@example.org,Bettiah
502,Janya Tank,,Chinsurah
503,Ishaan Mishra,gandhitara@example.org,Imphal
504,Aryan Bhat,sundaramoeshi@example.net,Davanagere
505,Tanvi Shroff,mkanda@example.net,Pimpri-Chinchwad
506,Aarush Morar,gaurangpandey@example.net,Ambala
507,Kiaan Zachariah,shankeralka@example.org,Aligarh
508,Yasti Walia,balanisha@example.com,Surat
509,Samesh Shankar,maneindira@example.net,Morbi
510,Madhavi Gill,darshsubramanian@example.net,Ratlam
511,Indrajit Pingle,aachaljoshi@example.org,Munger
512,Kala Kibe,rushildevan@example.com,Dharmavaram
513,Rudra Virk,znaidu@example.net,Bulandshahr
514,Edhitha Mukherjee,sainivrishti@example.com,Hubli–Dharwad
515,Saanvi Raman,,Moradabad
516,Udant Badami,chakradev12@example.com,Guna
517,Frederick Borra,harrison59@example.net,Amritsar
518,Yoshita Krishna,jagdishsagar@example.net,Vijayanagaram
519,Vinaya Gupta,bsanghvi@example.net,Mirzapur
520,Chatresh Sidhu,invalid_email,Hapur
521,Chandran Bajaj,charvisama@example.net,Bhind
522,Amaira Bedi,morarxavier@example.org,Orai
523,Zashil Srivastava,palbalendra@example.net,Bhagalpur
524,Urishilla Samra,sathvik91@example.net,Suryapet
525,Xalak Wagle,yashodharanaik@example.com,Machilipatnam
526,Victor Mohan,ozaanirudh@example.net,Siwan
527,Yatan Ghose,bassiarjun@example.org,Patiala
528,Udant Khare,bhardwajojasvi@example.com,Kirari Suleman Nagar
529,Lakshmi Kohli,divanagastya@example.net,Ramgarh
530,Baljiwan Vig,chanakyakala@example.net,Karnal
531,Umang Rajan,rayaansengupta@example.net,Sikar
532,Samuel Loke,taraknagi@example.com,Pune
533,Wriddhish Chakraborty,patilharish@example.org,Sangli-Miraj & Kupwad
534,Jagdish Bhavsar,chaudhuriquincy@example.net,Nashik
535,Adya Dewan,,Eluru
536,Tanay Jani,manya94@example.org,Secunderabad
537,Nathan Chadha,whegde@example.com,Saharanpur
538,Tanish Borah,vchaudhry@example.net,Karawal Nagar
539,Yug Ahuja,advaith87@example.net,Kollam
540,Joshua Contractor,tanvianand@example.com,Unnao
541,Ronith Sethi,charlesbaria@example.org,Raipur
542,Eshana Gopal,harish86@example.org,Hospet
543,Upadhriti Singhal,xshenoy@example.com,Visakhapatnam
544,Naveen Dara,nakul17@example.org,Kadapa
545,Shivani Sachdeva,patlawyatt@example.net,Pallavaram
546,Indira Dasgupta,bpai@example.org,Nellore
547,Jai Kulkarni,wramesh@example.com,Rampur
548,Gaurangi Sarna,girishsampath@example.com,Chandrapur
549,Sai Pall,dalajawali@example.org,Rourkela
550,Teerth Gupta,,Karaikudi
551,Ikshita Bail,ekalingabali@example.net,Raichur
552,Urvashi Lad,hkala@example.org,Jorhat
553,Ekani D’Alia,csaxena@example.org,Gorakhpur
554,Timothy Sachar,srajan@example.org,Bhiwandi
555,Yauvani Raj,katakavya@example.com,Anantapuram
556,Kashvi Natarajan,kratta@example.net,Bhilai
557,Kevin Acharya,alexanderchaudhary@example.org,Amroha
558,Veda Lanka,valalakshit@example.org,Kota
559,Maanav Raman,deolmitali@example.net,Berhampore
560,Leela Yohannan,,Miryalaguda
561,Libni Mann,libnivarty@example.org,Bally
562,Suhani Bath,janikabir@example.org,Sasaram
563,Vedika Thaker,loyalubika@example.org,Amritsar
564,Oscar Raval,jeetvenkataraman@example.net,Chandrapur
565,Benjamin Gala,bajwachameli@example.net,Gorakhpur
566,Saksham Deep,oscar98@example.net,Karnal
567,Janaki Mahajan,qkala@example.org,Gangtok
568,Laban Mani,yochana92@example.net,Shimla
569,Joshua Sane,chatreshpai@example.org,Kumbakonam
570,Bhavya Barad,yutikabarad@example.net,Jammu
571,Max Sunder,faqid25@example.org,Nandyal
572,Ikbal Ghosh,invalid_email,Bardhaman
573,Yasti Setty,balvan23@example.org,Shimla
574,Advay Dara,rbaral@example.com,Shimla
575,Ekansh Kalla,unni04@example.org,Solapur
576,Hiral Walla,babutanmayi@example.net,Phagwara
577,Vrinda Hayer,parth62@example.net,Kirari Suleman Nagar
578,Gagan Gaba,,Morena
579,Qabil Krishnamurthy,gde@example.com,Kottayam
580,Chakrika Suri,wgolla@example.org,Aligarh
581,Omkaar Subramaniam,invalid_email,Mahbubnagar
582,Raagini Mann,yashicachad@example.com,Muzaffarnagar
583,Neelima Iyengar,niteshghosh@example.net,Bongaigaon
584,Viraj Kala,gahluwalia@example.org,Bhusawal
585,Brijesh Kamdar,qabil77@example.org,Raiganj
586,Forum Pal,dassabhimanyu@example.org,Ulhasnagar
587,Yashica Vaidya,,Kavali
588,Gaurika Brahmbhatt,bhavani52@example.org,Imphal
589,Jagrati Garg,narangbalendra@example.net,Allahabad
590,Nathaniel Walia,grama@example.org,Srinagar
591,Matthew Natt,manya41@example.net,Kanpur
592,Qasim Gandhi,wasonbishakha@example.net,Phagwara
593,Xavier Bava,lraman@example.com,Srinagar
594,Vincent Sur,hpalan@example.org,Jammu
595,Harita Krish,loganchandra@example.net,Srikakulam
596,Henry Ramanathan,,Vijayawada
597,Kalpit Virk,pratyushsood@example.net,Coimbatore
598,Anvi Sangha,esaha@example.com,Begusarai
599,Unni Chowdhury,bina31@example.org,Dhanbad
600,Rajeshri Suresh,gabrielkala@example.com,Siliguri
601,Agastya Mangat,dbala@example.net,Srinagar
602,Bhavani Jhaveri,goelchristopher@example.org,Delhi
603,Ira Borah,iyengarvasana@example.org,Jaunpur
604,Wazir Sahni,mdugal@example.com,Narasaraopet
605,Arya Dugar,edhithabasu@example.net,Panchkula
606,Gauri Kara,naiduaishani@example.net,Machilipatnam
607,Hemal Pai,jaisaini@example.org,Thiruvananthapuram
608,Ethan Chaudhary,upasna65@example.net,Anantapur
609,Kala Sha,wadhwadaksha@example.com,Maheshtala
610,Ridhi Kadakia,warjas19@example.org,Mango
611,Gautami Banerjee,nprasad@example.org,Bhimavaram
612,Warjas Bassi,kallachatresh@example.net,Tiruchirappalli
613,Amol Kulkarni,apathak@example.org,Chapra
614,Tejas Pradhan,,Yamunanagar
615,Pratyush Zachariah,invalid_email,Berhampore
616,Aahana Randhawa,raagini10@example.com,Pune
617,Sudiksha Kamdar,radhikaanand@example.org,Proddatur
618,Ati Sha,hramakrishnan@example.com,Pimpri-Chinchwad
619,Janya Balasubramanian,nitara00@example.org,North Dumdum
620,Sai Chanda,nakul76@example.com,Imphal
621,Dalaja Hari,rudrashere@example.com,Mathura
622,Krishna Kala,invalid_email,Dibrugarh
623,Diya Shroff,fradoravi@example.org,Malegaon
624,Ekta Dalal,dadajagat@example.org,Vadodara
625,Yashawini Dara,soza@example.net,Bhilwara
626,Max Prabhakar,maharajnaksh@example.com,Khammam
627,Diya Sanghvi,chopratejas@example.org,Tadepalligudem
628,Oscar Wason,logan00@example.org,Bharatpur
629,Vidhi Biswas,mukhopadhyayrushil@example.org,Aizawl
630,Januja Bhargava,mitrabhavini@example.com,Belgaum
631,Robert Gala,varsha96@example.net,Durg
632,Ekiya Dhaliwal,duttcharita@example.com,Adoni
633,Nidra Nagar,krisha67@example.com,Hindupur
634,Jyoti Memon,deshpandeurmi@example.com,Dibrugarh
635,Nikita Patil,amritaanne@example.org,Jalna
636,Ekiya Khalsa,,Jalandhar
637,Triya Walla,teerthdesai@example.com,Sikar
638,Balveer Chad,joshuarout@example.net,Ramagundam
639,Dalaja Dave,,Kishanganj
640,Dhruv Iyer,urishilladixit@example.net,Sirsa
641,Teerth Sharaf,shauryabadal@example.org,Sambalpur
642,Waida Rajagopalan,,Sambhal
643,Omaja Chander,cheemaurvashi@example.net,Tezpur
644,Pallavi Choudhry,jvarghese@example.org,Khora 
645,Yug Misra,dmittal@example.net,Ambattur
646,Chandran Deo,xhari@example.com,Sirsa
647,Mugdha Kadakia,ronith64@example.org,Mumbai
648,Tristan Chakraborty,devmall@example.org,Farrukhabad
649,Champak Srinivas,oprabhu@example.net,Ahmedabad
650,Devansh Bobal,waliaqadim@example.com,Faridabad
651,Onkar Naik,andraindrajit@example.net,Guntur
652,Balvan Pandit,fradodas@example.com,Tirupati
653,Gaurangi Mital,gangulyvidhi@example.com,Panchkula
654,Champak Sahni,pranavraman@example.org,Lucknow
655,Baghyawati Doctor,aditya85@example.net,Phusro
656,Hitesh Chahal,joshuadugar@example.org,Secunderabad
657,Waida Sem,galaonkar@example.com,Rampur
658,Indali Apte,ridhi61@example.org,Ahmedabad
659,Ekani Sastry,dayamaisani@example.com,Firozabad
660,Chatresh Dua,gavin32@example.org,Hajipur
661,Patrick Brar,girishborra@example.com,Pali
662,Mitali Karan,,Kolhapur
663,Ikshita Choudhry,yagneshchanda@example.org,Mehsana
664,Brinda Swaminathan,ekbalpai@example.net,Rampur
665,Damyanti Chad,jairaj07@example.com,Gangtok
666,Anirudh Lal,agrawalmeghana@example.com,Ajmer
667,Faris Balakrishnan,parekhtarak@example.net,Kavali
668,Vinaya Gopal,chatreshchoudhary@example.com,Ahmedabad
669,Balendra Rajagopalan,madhavray@example.com,Vijayanagaram
670,Wakeeta Merchant,timothyhari@example.com,Tirunelveli
671,Mitali Dua,banerjeezilmil@example.net,Buxar
672,Victor Salvi,rohan03@example.com,Shivpuri
673,Nirja Datta,amairaahluwalia@example.org,Jabalpur
674,Chaman Roy,idalia@example.org,Ambarnath
675,Hiral Jaggi,odika16@example.org,Nashik
676,Finn Sangha,invalid_email,Guwahati
677,Nimrat Joshi,andrahemani@example.com,Shivpuri
678,Luke Batta,lekha27@example.net,Bhagalpur
679,Siya Palla,nidhibail@example.com,Nadiad
680,Zayyan Sami,dgole@example.com,Bidar
681,Harini Krish,xganesh@example.com,Howrah
682,Krishna Das,groverfaris@example.com,Aurangabad
683,Kritika Dixit,radhakrishnanaradhana@example.com,Satna
684,Ishwar Ratti,qushilad@example.com,Ratlam
685,Ojasvi Oza,bobalfitan@example.net,Bhind
686,Vinaya Malhotra,anneharinakshi@example.net,Visakhapatnam
687,Sudiksha Comar,sahotabrinda@example.net,Shivpuri
688,Urmi Bhattacharyya,behlsudiksha@example.com,Nangloi Jat
689,Tanish Chaudhary,dayalekaraj@example.com,Dhule
690,Abeer Gole,sviswanathan@example.com,Ghaziabad
691,Praneel Tandon,,Pune
692,Chatura Sane,beraxavier@example.com,Alappuzha
693,Tanmayi Garg,samarth10@example.com,Shimoga
694,Hemang Bhasin,sakshammajumdar@example.com,Kurnool
695,Shravya Raja,waziranand@example.com,Howrah
696,Neelima Roy,urvashi96@example.com,South Dumdum
697,Mohini Pandya,arya89@example.com,Bongaigaon
698,Timothy Thakkar,dsura@example.com,Dibrugarh
699,Harinakshi Modi,rachitprakash@example.net,Varanasi
700,Charvi Varty,amairadatta@example.net,Ramagundam
701,Dalaja Basu,,Buxar
702,Zayyan Krish,shettynaksh@example.org,Dindigul
703,Ekbal Kumar,lukesibal@example.net,Morena
704,Ronith Rai,swaminathanjairaj@example.net,Tinsukia
705,Faqid Chahal,oliverwali@example.org,Ambattur
706,Garima Kamdar,ssandal@example.com,Jodhpur
707,Devika Maharaj,ucchal13@example.net,Haridwar
708,Ojas Talwar,dominicsathe@example.net,Tadipatri
709,Ayushman Khatri,chakradev97@example.org,Eluru
710,Akshay Ganesan,kbail@example.org,Mysore
711,Vedant Sehgal,chandani28@example.org,Delhi
712,Yatan Kamdar,falaksethi@example.com,Junagadh
713,Brijesh Goyal,shauryadugar@example.com,Jalandhar
714,Bhavika Comar,bhargavaomkaar@example.org,Silchar
715,Ekani Krish,harshrastogi@example.net,Raurkela Industrial Township
716,Zaitra Bhardwaj,emand@example.com,Eluru
717,Aahana Arora,ugala@example.net,Tirunelveli
718,Rachana Walia,azadbadal@example.net,Guna
719,Charvi Pillai,tchatterjee@example.org,Kolkata
720,Baghyawati Sarna,chandran37@example.net,Katni
721,Vivaan Pathak,echada@example.net,Salem
722,Dhriti Bahri,vanya24@example.net,Phusro
723,Shravya Kata,grajagopalan@example.org,Moradabad
724,Gayathri Warrior,ushere@example.net,Ajmer
725,Max Rajagopalan,kevin26@example.com,Alappuzha
726,Gaurika More,shauryaprasad@example.org,Berhampur
727,Omisha Sahni,,Gopalpur
728,Triya Modi,simon42@example.org,Nandyal
729,Ira Sarkar,harrisoncomar@example.com,Chittoor
730,Anita Tandon,ddutt@example.com,Ludhiana
731,Neha Prabhakar,rajannidhi@example.org,Bikaner
732,Vedant Swaminathan,laksh91@example.org,Visakhapatnam
733,Zehaan Dalal,daksheshmurty@example.com,Nashik
734,Abhiram Khatri,ikbalnanda@example.org,Aurangabad
735,Teerth Chandran,peter17@example.net,Ongole
736,Ridhi Sabharwal,bvaidya@example.org,Bhopal
737,Saanvi Bhandari,benjamin58@example.org,Mysore
738,Ucchal Sridhar,,Jehanabad
739,Irya Chaudry,iaggarwal@example.net,Guntakal
740,Ekaja Manda,agarwalgeetika@example.org,Ulhasnagar
741,Omya Bhat,reddyvictor@example.com,Warangal
742,Quincy Oza,invalid_email,Nellore
743,Avni Bansal,yminhas@example.org,North Dumdum
744,Noah Sant,galayash@example.org,Raebareli
745,Sneha Sood,reyansh51@example.com,North Dumdum
746,Nikita Chandra,invalid_email,Sikar
747,Madhav Sheth,anayupadhyay@example.org,Kolhapur
748,Samesh Wable,qsinghal@example.org,Thoothukudi
749,Madhavi Karan,lajitamadan@example.com,Gandhinagar
750,Ria Savant,jacob83@example.org,Siwan
751,Raksha Menon,kavyamander@example.org,Varanasi
752,Radhika Shenoy,chowdhurydeepa@example.net,Mysore
753,Jagvi Madan,fmall@example.com,Orai
754,Edhitha Chandra,eloyal@example.com,Kumbakonam
755,George Kibe,,Dehri
756,Caleb Mukherjee,dkhurana@example.net,Satna
757,Kalpit Sura,krisha63@example.net,Bokaro
758,Yashoda Jani,kavyakadakia@example.com,Tiruchirappalli
759,Megha Chandran,maanas48@example.org,Jammu
760,Jatin Nadig,kalabimala@example.com,Uluberia
761,Samesh Sabharwal,kamyatoor@example.com,Ongole
762,Rayaan Panchal,dayitaganesh@example.org,Proddatur
763,Hitesh Desai,raagini56@example.net,Siwan
764,Riya Bumb,invalid_email,Mangalore
765,Chatresh Khatri,asubramaniam@example.org,Bhiwandi
766,Ridhi Verma,routjanani@example.com,Chinsurah
767,Krishna Tandon,warinderbobal@example.com,Bangalore
768,Ishwar Nath,invalid_email,Bhind
769,Ati Barad,hayeryashodhara@example.com,Imphal
770,Kalpit Ben,jagvi40@example.org,Mango
771,Ekbal Panchal,hemanginikade@example.com,Bhilai
772,Gavin Dugar,rkala@example.org,Coimbatore
773,Chakradhar Andra,qchar@example.com,Hosur
774,Osha Mohan,wazir60@example.org,Jaunpur
775,Charles Sodhi,,Amroha
776,Harita Sibal,pganesan@example.net,Gangtok
777,Patrick Bhattacharyya,,Ahmedabad
778,Bhavani Agrawal,kamalaarya@example.net,Allahabad
779,Isha Chander,anushasarraf@example.net,Hubli–Dharwad
780,Yagnesh Suri,rastogisuhani@example.com,Sirsa
781,Gabriel Issac,siddharthchowdhury@example.org,Bhopal
782,Hemal Magar,walilaksh@example.com,Nashik
783,Chasmum Sekhon,widisha57@example.org,Jammu
784,Umang Sethi,georgedivan@example.org,Jamshedpur
785,Anjali Merchant,ativiswanathan@example.org,Ozhukarai
786,Janya Basak,bhavya54@example.com,Berhampore
787,Gopal Aggarwal,veda48@example.net,Bhilai
788,Finn Brahmbhatt,chakradev53@example.org,Kirari Suleman Nagar
789,Jai Swaminathan,swamyarunima@example.net,Berhampore
790,Kamala Anne,pandyaaarini@example.org,Ajmer
791,Vasana Modi,nitara62@example.net,Parbhani
792,Simon Raj,patlapavani@example.net,Bhusawal
793,Jeet Date,luke68@example.net,Amroha
794,Tripti Sule,aditya29@example.org,Ahmednagar
795,Rachit Malhotra,avenkataraman@example.com,Gandhinagar
796,Chasmum Radhakrishnan,khuranaaarush@example.org,Amravati
797,Dalaja Sehgal,samraqasim@example.org,Ahmednagar
798,Dev Zachariah,contractorbina@example.com,Siwan
799,Sudiksha Karpe,oakyashoda@example.net,Alappuzha
800,Manbir Krishnamurthy,jasmit95@example.net,Jalandhar
801,Dalaja Raj,invalid_email,Saharanpur
802,Hardik Mann,oliversinha@example.org,Panihati
803,Ayaan Pandit,vyanjana30@example.com,Bhilai
804,Finn Baria,dominicedwin@example.org,Kadapa
805,Harinakshi Tank,echhabra@example.com,Amaravati
806,Girik Batra,,Surat
807,Shivani Som,vbuch@example.net,Bhimavaram
808,Advay Ram,udyatithakur@example.com,Giridih
809,Yatan Karnik,dayamaidesai@example.com,Bikaner
810,Qadim Goda,chauhanchakradhar@example.com,Pali
811,Krisha Mody,gabaranbir@example.org,Gulbarga
812,Mitali Kala,ysarin@example.org,Rohtak
813,Oviya Jaggi,isaiahjaggi@example.org,Patna
814,Thomas Wable,tparsa@example.net,Rajpur Sonarpur
815,Yash Mittal,damyanti50@example.com,Malegaon
816,Noah Ray,advika34@example.net,Rampur
817,Widisha Sami,xkant@example.org,Agra
818,Oviya Maharaj,revakumer@example.com,Ambarnath
819,Leena Shroff,bdas@example.org,Raurkela Industrial Township
820,Tristan Tak,drao@example.net,Anantapur
821,Caleb Srinivasan,tbhatnagar@example.org,Vadodara
822,Anay Narain,pandyadivya@example.net,Ramagundam
823,Januja Bhakta,rohanmani@example.com,Bhatpara
824,Vrishti Kota,nitaranarasimhan@example.net,Bijapur
825,Aditya Nanda,,Kadapa
826,Reva Lata,draghavan@example.net,Nashik
827,Wakeeta Bhandari,raghav50@example.com,Kamarhati
828,Raksha Sastry,kravel@example.org,Mahbubnagar
829,Ikshita Srivastava,invalid_email,Adoni
830,Ucchal Rajagopal,ekbaltalwar@example.com,South Dumdum
831,Samarth Hari,bathcharles@example.org,Belgaum
832,Inaya Roy,danielsura@example.net,Anand
833,Orinder Tandon,yashodhara32@example.org,Danapur
834,Yashodhara Ray,avi68@example.org,Junagadh
835,Sanaya Atwal,peripooja@example.net,Ballia
836,Chaitanya Iyengar,invalid_email,Gwalior
837,Brinda Shetty,jasmittoor@example.net,Kurnool
838,Laban Khalsa,invalid_email,Sri Ganganagar
839,Michael Mand,kapoorsanaya@example.net,Vijayawada
840,Bina Bhat,ylala@example.net,Amravati
841,Joshua Warrior,palazaan@example.org,Firozabad
842,Bhavini Reddy,naiklavanya@example.net,Jodhpur
843,Tarak Sha,bhargavawarjas@example.com,Jammu
844,Bhavika Swamy,chowdhurynidra@example.org,Phusro
845,Charita Ahluwalia,jasmit34@example.net,Sonipat
846,Rehaan Dave,bosejeremiah@example.com,Narasaraopet
847,Hitesh Kant,wyattsaini@example.com,Panchkula
848,Tejas Seth,vchana@example.com,Bardhaman
849,Kavya Sem,maanas21@example.net,Bhiwandi
850,Aashi Aggarwal,,Srikakulam
851,Zayyan Varty,upma19@example.org,Gopalpur
852,Madhavi Mohan,ipillai@example.org,Sambalpur
853,Saumya Tank,ekhosla@example.net,Anand
854,Hamsini Kalla,invalid_email,Rampur
855,Zashil Lanka,udarshmammen@example.com,Ahmedabad
856,Deepa Varghese,msekhon@example.org,Sambalpur
857,Manan Kashyap,imanda@example.net,Sirsa
858,Ucchal Acharya,maxbalay@example.com,Mahbubnagar
859,George Mann,nazarethupma@example.org,Amravati
860,Indrajit Salvi,chasmumsheth@example.net,Dhule
861,Omya Naik,merchantdeepa@example.net,Bilaspur
862,Faraj Brahmbhatt,cbava@example.org,Tumkur
863,Robert Dhingra,sandhulakshit@example.com,Kirari Suleman Nagar
864,Rayaan Vasa,yachanachadha@example.com,Mirzapur
865,Vinaya Choudhury,unnati88@example.org,Ambala
866,Janaki Vasa,natarajanwazir@example.org,Rohtak
867,Vidhi Gopal,invalid_email,Nagpur
868,Libni Suresh,qmannan@example.org,Jalna
869,Leena Brahmbhatt,ishakurian@example.org,Erode
870,Lekha Dave,invalid_email,Chandigarh
871,Bina Krishnamurthy,mandalgauri@example.org,Giridih
872,Parth Borra,girik46@example.org,Gangtok
873,Devansh Jaggi,vaishnavi05@example.com,Kulti
874,Amrita Chana,pvenkatesh@example.org,Kota
875,Saksham Mittal,sahajason@example.com,Agra
876,Yuvraj Dhawan,gaurikasahota@example.org,Latur
877,Pavani Nigam,ptella@example.net,Buxar
878,Chandani Wason,amrita20@example.com,Panchkula
879,Bahadurjit Bhatt,gunbir98@example.org,Dewas
880,Darika Kulkarni,aayush80@example.com,Kulti
881,Aishani Patla,gardevyanjana@example.org,Unnao
882,Udant Hegde,ladlisura@example.com,Shimla
883,Lucky Luthra,qwarrior@example.com,Allahabad
884,Watika Manne,girish84@example.org,Khora 
885,Ijaya Ray,aachal58@example.org,Pondicherry
886,Veda Trivedi,hemang31@example.net,Madurai
887,Sai Bumb,,Bhilai
888,Zayyan Sharma,balvan19@example.org,Chittoor
889,Barkha Mohanty,savanttripti@example.net,Kadapa
890,Urmi Sanghvi,tamannapai@example.com,Munger
891,Falan Chhabra,ayushman53@example.net,Sri Ganganagar
892,Omya Ramanathan,ganesantripti@example.org,Mysore
893,Ranbir Mishra,siddharthsane@example.net,Noida
894,Onkar Modi,vedantsha@example.org,Tiruvottiyur
895,Falan Srinivas,karnikkiaan@example.com,Sonipat
896,Ladli Bajaj,samarthviswanathan@example.com,Dhule
897,Luke Sabharwal,invalid_email,Jhansi
898,Azaan Sami,kmajumdar@example.org,Satara
899,Yachana Mani,omishachadha@example.net,Thane
900,Dayita Doshi,azaan89@example.net,Hospet
901,Turvi Acharya,shayre@example.org,Bettiah
902,Maya Sathe,qwadhwa@example.com,Secunderabad
903,Varsha Bhalla,oliverbahl@example.com,Mumbai
904,Anthony Randhawa,madannisha@example.net,Begusarai
905,Aadi Radhakrishnan,darpan23@example.org,Haldia
906,Noah Mitter,warhibandi@example.com,Bokaro
907,Janya Shankar,charvi05@example.com,Nandyal
908,Pratyush Chad,fbakshi@example.net,Kadapa
909,Samarth Ratti,invalid_email,Vijayanagaram
910,Amrita Kakar,invalid_email,Bihar Sharif
911,Pallavi Kapadia,geetikayohannan@example.org,Proddatur
912,Rachita Bains,eeshasampath@example.com,Belgaum
913,Azaan Divan,jyoti00@example.net,Giridih
914,Bakhshi Dalal,vivaan39@example.net,Muzaffarpur
915,Kritika Krish,omyakota@example.org,Amritsar
916,Zarna Bawa,nicholasraju@example.org,Davanagere
917,Abha Bhandari,charan91@example.org,Sonipat
918,Dayamai Pingle,andrewprabhu@example.com,Jalandhar
919,Azaan Raja,pmohanty@example.com,Ozhukarai
920,Irya Kumer,chhabraaayush@example.net,Kadapa
921,Samuel Batra,yoshitapatla@example.org,Tadipatri
922,Ishwar Dixit,jeet20@example.net,Kavali
923,Onkar Gole,jatin04@example.net,Mau
924,Yauvani Golla,okala@example.net,Ichalkaranji
925,Onveer Sha,ekalingaraju@example.org,Arrah
926,Rajata Hayre,pdar@example.org,Karnal
927,Unni Behl,ukhatri@example.net,Pali
928,Nitara Ranganathan,vasaekalinga@example.com,Cuttack
929,Sneha Nagi,cheemaaarnav@example.com,Ozhukarai
930,Falak Randhawa,,Rajkot
931,Chandresh Jha,sanya82@example.org,Patiala
932,Ira Bhat,issacfrederick@example.org,Howrah
933,Eshana Som,wridesh29@example.com,Pudukkottai
934,Turvi Kade,tanejadaniel@example.com,Nashik
935,Faqid Deol,ronithkar@example.net,Udaipur
936,Rayaan Wason,invalid_email,Kollam
937,Tanish Kapadia,issacnisha@example.org,Ramgarh
938,Raghav Khanna,adweta20@example.com,Patna
939,Hemang Dubey,agarwalarjun@example.org,Naihati
940,Manthan Gara,nidhi60@example.net,Hazaribagh
941,Naksh Dass,ebiswas@example.org,Thoothukudi
942,Ayaan Bala,ypanchal@example.net,Morbi
943,Rushil Mittal,gaganhora@example.com,Tumkur
944,Sneha Nagy,kgrover@example.net,Naihati
945,Nidra Baria,dharvasana@example.com,Sultan Pur Majra
946,Nitesh Mody,xzachariah@example.org,Rourkela
947,Charan Bhatia,anandjyoti@example.org,Morbi
948,Anika Mahal,zaidmadan@example.org,New Delhi
949,George Deshmukh,zramaswamy@example.com,Bhatpara
950,Rohan Chaudhary,rperi@example.org,Orai
951,Raghav Reddy,fmane@example.com,Nagercoil
952,Baljiwan Sheth,nirja62@example.com,Bellary
953,Sanaya Magar,kuruvillasaksham@example.com,Bellary
954,Ati Krish,meghanamandal@example.com,North Dumdum
955,Matthew Kadakia,chaitanyacomar@example.net,Bally
956,Girik Bora,upalla@example.com,Satara
957,Ria Soman,nirja71@example.com,Panihati
958,Ojas Dass,toorjason@example.net,Kozhikode
959,William Johal,bhavika97@example.com,Dibrugarh
960,Maya Gopal,aradhana58@example.org,Tadepalligudem
961,Jatin Parikh,charles37@example.com,Panvel
962,Brijesh Kari,harita04@example.com,South Dumdum
963,Oliver Kakar,chatterjeerachana@example.net,Rajkot
964,Zinal Bandi,rajuyachana@example.net,Hazaribagh
965,Ridhi Char,omkashvi@example.com,Kolhapur
966,Megha Bumb,invalid_email,Ludhiana
967,Urvi Banerjee,rastogisara@example.net,Chittoor
968,Niharika Arya,theodorehayer@example.net,Kulti
969,Yashawini Tailor,kallamaya@example.net,Jodhpur
970,George Parmer,swaminathanjason@example.org,Gangtok
971,Patrick Mandal,adityadayal@example.com,Tumkur
972,Tanish Ravi,lsampath@example.org,Salem
973,Pranav Sur,eesha26@example.net,Unnao
974,Onveer Kata,xdate@example.com,Jalgaon
975,Amaira Rastogi,gnarasimhan@example.net,Sambhal
976,Harita Sachdeva,kmunshi@example.com,Anantapuram
977,Balveer Sood,gaurikaratti@example.net,Jalna
978,Chatura Raghavan,kharezayan@example.net,Indore
979,Eshana Gola,gaurika83@example.org,Ulhasnagar
980,Theodore Master,yadavisehgal@example.net,Loni
981,Brijesh Nagarajan,sarrafishita@example.net,Nagaon
982,Samar Contractor,samarth51@example.com,Bhusawal
983,Adweta Choudhry,amistry@example.org,Parbhani
984,Omisha Padmanabhan,chameli71@example.com,Pimpri-Chinchwad
985,Ayushman Chokshi,iyohannan@example.com,Hubli–Dharwad
986,Yashasvi Bandi,chandani15@example.org,Nagercoil
987,Chanchal Sangha,harrisonsha@example.com,Madurai
988,Veer Varma,banjeetde@example.org,New Delhi
989,Wishi Iyengar,balalohit@example.org,Kochi
990,Samesh Brahmbhatt,edeshmukh@example.org,Nellore
991,Rohan Kata,sai22@example.net,Karawal Nagar
992,Raksha Kurian,warjasbanik@example.net,Sri Ganganagar
993,Frederick Bawa,ayushman96@example.org,Bareilly
994,Darsh Saran,ghosepanini@example.net,Raurkela Industrial Township
995,Hemang Tak,fkhare@example.net,Haridwar
996,Wyatt Morar,keeryochana@example.net,Bhiwandi
997,Sarthak Gala,utkarsh60@example.com,Ratlam
998,Jackson Lad,alka74@example.net,Nizamabad
999,Jasmit Chander,raaginiupadhyay@example.net,Tiruppur
1000,Qasim Sachdeva,ngaba@example.org,Parbhani
1001,Onkar Dasgupta,salvihardik@example.org,Jaunpur
1002,Chandresh Ray,mayabedi@example.com,Bellary
1003,Ekta Hans,wahab20@example.net,Kochi
1004,Rehaan Raval,siyengar@example.com,Shivpuri
1005,Ekiya Tak,chakradhar31@example.org,Bhatpara
1006,Dalaja Khosla,yashawini70@example.org,Rampur
1007,Nitara Narula,invalid_email,South Dumdum
1008,Chakradhar Mitter,akshaybora@example.net,Ichalkaranji
1009,Tara Naik,yashica44@example.com,Visakhapatnam
1010,Nitara Dhingra,invalid_email,Surendranagar Dudhrej
1011,Pahal Dutt,kariekani@example.org,Bhopal
1012,Faras Soman,invalid_email,Madanapalle
1013,Sneha Mitter,ugandhi@example.com,Tinsukia
1014,Nisha Naik,sameshkadakia@example.net,Tirunelveli
1015,Balhaar Narula,kaulsamarth@example.net,Durg
1016,Lavanya Ravi,upadhritigokhale@example.org,Anantapur
1017,Jacob Kurian,saanvibaria@example.com,Kavali
1018,Triya Trivedi,yagneshbutala@example.net,Ambattur
1019,Saanvi Mallick,csoman@example.org,Anand
1020,Zarna Mahal,yash42@example.net,Giridih
1021,Oscar Morar,nisha64@example.net,Karawal Nagar
1022,Ria Hayre,wjohal@example.net,Ramagundam
1023,Dipta Mangat,advaycheema@example.org,Pallavaram
1024,Vaishnavi Ramakrishnan,ykara@example.net,Khora 
1025,Girindra Nagy,randra@example.net,Mau
1026,Gaurika Tata,rachitbiswas@example.org,Bhubaneswar
1027,Devansh Narang,dhawanlaban@example.com,Bhilai
1028,Wyatt Handa,bwable@example.org,Anand
1029,George Sane,,Ambala
1030,Anamika Sani,hema51@example.org,Danapur
1031,Quincy Garg,parmarmichael@example.net,Shimla
1032,Indrajit Chauhan,swagle@example.com,Howrah
1033,Nikita Johal,banerjeezansi@example.org,Ambala
1034,Nicholas Dhaliwal,kapadiajagdish@example.org,Motihari
1035,Yoshita Shan,warjasdas@example.net,Mehsana
1036,Amara Swaminathan,mukherjeeraagini@example.org,Kozhikode
1037,Arjun Bhardwaj,invalid_email,Warangal
1038,Yashawini Kota,nbhattacharyya@example.net,Kanpur
1039,Janani Sen,fmadan@example.org,Mysore
1040,Wishi Prakash,xrajagopalan@example.net,Bhubaneswar
1041,Kabir Varty,ekarajgoel@example.com,Loni
1042,Xavier Khalsa,nagyfalan@example.net,Ongole
1043,Mason Suresh,rdua@example.org,Bhatpara
1044,Mason Kulkarni,ayush29@example.net,Parbhani
1045,Faqid Vora,msubramaniam@example.net,Bidar
1046,Praneel Kata,chowdhuryreva@example.com,Amroha
1047,Lila Sarma,swamypahal@example.com,Burhanpur
1048,Kashvi Edwin,krishna76@example.org,Latur
1049,Owen Buch,invalid_email,Gangtok
1050,Ekaraj Sen,hahluwalia@example.net,Kadapa
1051,Naveen Sampath,,Patna
1052,Rushil Khanna,,Vijayawada
1053,Elijah Minhas,birdev@example.com,Amroha
1054,Warda Buch,chamanbhatti@example.net,Salem
1055,Yashasvi Setty,quincybaria@example.org,Medininagar
1056,Patrick Bhatnagar,mdutta@example.net,Guna
1057,Nathan Raja,gokhalexalak@example.com,Chennai
1058,Amruta Kata,aayush43@example.net,Gandhinagar
1059,Vedhika Raju,bandishaurya@example.com,Shimoga
1060,Ishwar Bhalla,hnarula@example.org,Nashik
1061,Devansh Ranganathan,netra02@example.com,Mahbubnagar
1062,Ojasvi Lanka,invalid_email,Sirsa
1063,Bishakha Sood,laban89@example.com,Bidhannagar
1064,Kala Kaur,,Sikar
1065,Arunima Warrior,raorohan@example.org,Gandhidham
1066,Wazir Manne,nilima78@example.net,Kharagpur
1067,Eesha Pau,sarrafmatthew@example.org,Varanasi
1068,Jagvi Hayer,triveni13@example.org,Karaikudi
1069,Mitali Baria,manyakota@example.org,Kamarhati
1070,Thomas Garg,gopal16@example.net,Imphal
1071,Gaurav Dhar,sbora@example.org,Tadipatri
1072,Gautam Chana,nagimadhav@example.org,Nashik
1073,Ojas Dubey,siya15@example.org,Mangalore
1074,Priya Rajagopalan,ishapall@example.net,Tiruchirappalli
1075,Azad Vig,raaginichaudhry@example.org,Tirupati
1076,Chandresh Hayer,nikita79@example.com,Hyderabad
1077,Nathaniel Sundaram,yminhas@example.com,Hospet
1078,Isaiah Hayer,sudikshabedi@example.com,Chapra
1079,Anamika Wable,dassishanvi@example.com,Davanagere
1080,Pushti Mangal,,Avadi
1081,Devansh Sharaf,,Ozhukarai
1082,Jackson Gopal,wyatt00@example.net,Ballia
1083,Anay Om,,Serampore
1084,Lakshmi Sampath,invalid_email,Bhagalpur
1085,Lavanya Contractor,mdalal@example.com,Hospet
1086,Eta Kala,ayushmannarang@example.com,Satna
1087,Kalpit Parikh,baghyawati01@example.net,Rourkela
1088,Yagnesh Manne,raveladvika@example.com,Anand
1089,Yauvani Nanda,banjeet00@example.com,Kottayam
1090,Wishi Saini,jhaveriganga@example.com,Belgaum
1091,Manthan Bose,brindachakrabarti@example.net,Ghaziabad
1092,Fitan Suri,kumerharrison@example.com,Nashik
1093,Waida Chanda,aringoda@example.org,Hyderabad
1094,Chakrika Borde,quincyvenkataraman@example.com,Medininagar
1095,Mekhala Nayar,vrittigola@example.com,Jehanabad
1096,Lila Chokshi,neelimaparekh@example.com,Mau
1097,Kabir Chakrabarti,jackdubey@example.com,Sikar
1098,Bachittar Contractor,leenadugar@example.org,Suryapet
1099,Amruta Grewal,samaroommen@example.net,Unnao
1100,Eesha Suresh,bhavna66@example.org,Panihati
1101,Aayush Cheema,ysunder@example.com,Munger
1102,Rohan Keer,ekapad77@example.org,Aurangabad
1103,Frado Suri,ghoshekaraj@example.org,Medininagar
1104,Atharv Kapur,johalekta@example.org,Raichur
1105,Falguni Jaggi,chanchal70@example.com,Saharanpur
1106,Nachiket Amble,,Madurai
1107,Nimrat Dey,nandini27@example.net,South Dumdum
1108,Girindra Jhaveri,horaayushman@example.net,Ahmedabad
1109,Michael Dugal,urishillajayaraman@example.com,Bhusawal
1110,Ekansh Mani,zganesh@example.com,Kurnool
1111,Darika Madan,banjeet23@example.com,Bhusawal
1112,Yash D’Alia,dubeyleena@example.net,Kalyan-Dombivli
1113,Prisha Chaudhary,nkhare@example.net,Anantapuram
1114,Raksha Tandon,harinigera@example.com,Shivpuri
1115,Samaksh Amble,sanijatin@example.net,Amritsar
1116,Triveni Chaudhuri,,Gorakhpur
1117,Warjas Mane,ochar@example.com,Panvel
1118,Kalpit Ramaswamy,zilmilshanker@example.com,Kharagpur
1119,Yashvi Mody,utaneja@example.com,Kottayam
1120,Siya Kala,advaithamble@example.net,Bhatpara
1121,Forum Saha,uchakraborty@example.org,Sonipat
1122,Ucchal Pant,ranbir74@example.com,Mehsana
1123,Lakshit Rattan,yastinarayanan@example.com,Anantapuram
1124,Naksh Das,vnarayanan@example.org,Deoghar
1125,Laksh Gaba,kalpit79@example.net,Chandrapur
1126,Harish Edwin,rehaan98@example.net,Agra
1127,Ojas Tara,nidhikulkarni@example.org,Silchar
1128,Gaurang Arya,anshahuja@example.org,Panihati
1129,Benjamin Bawa,rchowdhury@example.org,Bhiwandi
1130,Qabil Bajwa,ekalingachada@example.org,Loni
1131,Maanas Choudhury,,Haridwar
1132,Arin Bala,,Agra
1133,Leena Borde,amruta12@example.com,Hyderabad
1134,Abhiram Shankar,mittaleesha@example.net,Nanded
1135,Aarav Oak,aashi29@example.com,Dibrugarh
1136,Zaitra Agrawal,invalid_email,Jalandhar
1137,Aadi Prakash,advaith48@example.net,Nagpur
1138,Hemani Sinha,chanchaldass@example.org,Malegaon
1139,Elijah Wadhwa,anyaganesh@example.org,Moradabad
1140,Ekalinga Oak,max88@example.net,Bongaigaon
1141,Finn Apte,,Tadepalligudem
1142,Lavanya Nigam,ekani50@example.net,Morena
1143,Hredhaan Gera,girish51@example.org,Suryapet
1144,Udarsh Palla,bhatchatresh@example.net,Haldia
1145,Jalsa Nagy,amolmutti@example.org,Visakhapatnam
1146,Ayush Cherian,invalid_email,Ramagundam
1147,Anamika Krish,nattayaan@example.net,Gwalior
1148,Rohan Puri,rluthra@example.com,Davanagere
1149,Pooja Shere,bimala69@example.com,Naihati
1150,Hemal Balan,mahluwalia@example.org,Mango
1151,Jagrati Jani,agastya96@example.com,Ghaziabad
1152,Yadavi Bhatia,edash@example.org,Bahraich
1153,Barkha Kala,daraurmi@example.com,Kishanganj
1154,Neel Luthra,rbali@example.com,Tiruvottiyur
1155,Omisha Oza,kevin43@example.com,Vasai-Virar
1156,Advik Kaur,,Jalandhar
1157,Daksha Desai,balanlila@example.net,Kadapa
1158,Omisha Loyal,rbahri@example.com,Panihati
1159,Shivani Ahuja,ggarg@example.com,Katni
1160,Owen Pai,pdas@example.com,Panihati
1161,Qadim Bora,sarthak20@example.com,Kottayam
1162,Mohammed Krishnamurthy,kotachandran@example.org,Raichur
1163,Chakrika Chawla,sehgaltamanna@example.org,Dhanbad
1164,Bishakha Merchant,masonkamdar@example.com,Machilipatnam
1165,Meghana Raj,krishvarma@example.net,Madhyamgram
1166,Ishanvi Baral,balawyatt@example.com,Ghaziabad
1167,Zilmil Suresh,ishaan47@example.net,Panchkula
1168,Krishna Pradhan,bhaktaomaja@example.com,Asansol
1169,Darsh Sarraf,qmani@example.com,Ratlam
1170,Faqid Dasgupta,duaudyati@example.org,Vijayanagaram
1171,Yutika Kurian,invalid_email,Munger
1172,Abeer Ramesh,dhritivohra@example.org,Durg
1173,Gagan Wali,azadborra@example.net,Danapur
1174,Ladli Narula,barkhadeo@example.net,Bareilly
1175,Qabil Dhar,,Thane
1176,Jagrati Nagi,sbal@example.net,Bihar Sharif
1177,Hema Sarma,bhavika00@example.net,Raipur
1178,Chanakya Dara,fgour@example.net,Tadipatri
1179,Dalbir Lal,alexanderswamy@example.com,Nizamabad
1180,Osha Ahluwalia,samakshoommen@example.net,Bettiah
1181,Vrinda Sachdeva,ayush49@example.net,Vijayanagaram
1182,Nitara Magar,invalid_email,Hapur
1183,Sathvik Dugar,dewanwidisha@example.net,Thanjavur
1184,Kashvi Tella,invalid_email,Orai
1185,Divya Chaudry,champakjani@example.com,Dehri
1186,Adya Trivedi,bhasinpranit@example.org,Chennai
1187,Jeet Memon,kundaanirudh@example.net,Gandhinagar
1188,Frado Mohanty,invalid_email,Mangalore
1189,Charan Krish,aadhya53@example.org,Mira-Bhayandar
1190,Hemal Dixit,kharehemang@example.net,Proddatur
1191,Harita Deol,upkaarmajumdar@example.org,New Delhi
1192,Aayush Venkataraman,triveni96@example.net,Siliguri
1193,Waida Brahmbhatt,bishakhadeshmukh@example.com,Serampore
1194,Hema Savant,azaande@example.com,Ballia
1195,Rachit Palan,narulatanveer@example.net,Mango
1196,Gautami Parikh,abhiram69@example.net,Avadi
1197,Ishani Kalla,bhatnagargautami@example.org,Ambarnath
1198,Faqid Narasimhan,avni19@example.net,Ichalkaranji
1199,Bhavani Agarwal,bhattimahika@example.net,Bhubaneswar
1200,Sudiksha Ganesh,srivastavakashish@example.com,Amaravati
1201,Oliver Ganesh,yoshitaagate@example.net,Mysore
1202,Bhavya Kurian,issacoliver@example.com,Tirunelveli
1203,Nitara Joshi,dubeaachal@example.net,Jhansi
1204,Ryan Anne,fariqbassi@example.com,Bhavnagar
1205,Janaki Bhat,usabharwal@example.net,Narasaraopet
1206,Megha Mody,qbal@example.org,Sri Ganganagar
1207,Tanveer Ramanathan,aarinichakrabarti@example.net,Muzaffarnagar
1208,Aradhana Sur,esaxena@example.net,Unnao
1209,Henry Sidhu,chandranwatika@example.net,Muzaffarnagar
1210,Mugdha Naidu,stoor@example.org,Moradabad
1211,Anmol Khatri,draja@example.org,Mangalore
1212,Andrew Parekh,chaturanayak@example.com,Siliguri
1213,Aryan Goyal,upadhriti81@example.net,Alwar
1214,Niharika Hegde,daveayaan@example.com,Motihari
1215,Teerth Batra,pradhananika@example.net,Gwalior
1216,Wridesh Choudhary,abhimanyumukherjee@example.com,Dehri
1217,Dhriti Badal,gbalay@example.com,Bhatpara
1218,Abhimanyu Lala,tkulkarni@example.org,Ratlam
1219,Udarsh Vohra,brijeshwable@example.org,Madurai
1220,Krishna Bhavsar,nupadhyay@example.com,Mumbai
1221,Rajata Desai,boseatharv@example.com,Alappuzha
1222,Kashish Buch,unnati97@example.org,Kochi
1223,Kamya Salvi,bbal@example.org,Bhavnagar
1224,Neel Varghese,sureshlaksh@example.org,Gulbarga
1225,Daksh Shukla,nathanielpuri@example.org,Mira-Bhayandar
1226,Aryan Gala,advaykota@example.org,Warangal
1227,Lekha Lal,dhritijoshi@example.com,Motihari
1228,Wahab Dhar,sameshnatt@example.org,Kolhapur
1229,Vanya Parikh,achakrabarti@example.org,Phusro
1230,Abdul Dutta,wyogi@example.org,Meerut
1231,Forum Taneja,zachariahpranit@example.net,Nellore
1232,Faris Kashyap,upkaarmander@example.org,Jabalpur
1233,Advika Krishnan,bhavsarisha@example.com,Raebareli
1234,Falak Sharma,chaudhrybalendra@example.net,Bardhaman
1235,Anmol Som,triyaedwin@example.net,Gangtok
1236,Damyanti Malhotra,goelyatin@example.com,Sangli-Miraj & Kupwad
1237,Manbir Dar,ikshita76@example.com,Kirari Suleman Nagar
1238,Hritik Kala,vdhawan@example.org,Hajipur
1239,Gavin Naik,gauri15@example.org,Mango
1240,Dhruv Varma,aringarg@example.com,Panihati
1241,Ekbal Sunder,niharikalata@example.com,Chittoor
1242,Ojas Gala,crajan@example.net,Madhyamgram
1243,Prisha Ratti,zanne@example.org,Rewa
1244,Yug Yohannan,eiravatikhosla@example.net,Srikakulam
1245,Naveen Kala,paurora@example.com,Allahabad
1246,Ranveer Trivedi,invalid_email,Madanapalle
1247,Mekhala Mohan,hdatta@example.com,Ahmedabad
1248,Meera Bhatti,settyhemangini@example.org,Naihati
1249,Ethan Shenoy,lipikatata@example.com,Shimoga
1250,Warhi Mani,,Uluberia
1251,Upma Gupta,krishnachandani@example.org,Guna
1252,Adya Pall,banerjeeadvay@example.org,Gangtok
1253,Azad Pall,avibrahmbhatt@example.org,Rajahmundry
1254,Kashish Gala,takmanya@example.com,Bilaspur
1255,Jagrati Chad,sharafnathan@example.org,Bhatpara
1256,Samaksh Hari,indali56@example.com,Aligarh
1257,Ikshita Mitra,siballohit@example.com,Korba
1258,Waida Naidu,shravya34@example.org,Jalna
1259,Krish Sant,girindrabrar@example.org,Udupi
1260,Chakradev Banerjee,amrutagolla@example.net,Saharanpur
1261,Nimrat Pathak,aaggarwal@example.net,Bathinda
1262,Bhavna Sahota,aarini55@example.com,Berhampore
1263,Ridhi Sandal,tanmayichand@example.com,Morbi
1264,Dev Ranganathan,krishnamurthyethan@example.net,Kavali
1265,Balvan Bal,urvi14@example.org,Srikakulam
1266,Eesha Varty,ikshita20@example.net,Madurai
1267,Anamika Desai,yogisamaksh@example.com,Bhalswa Jahangir Pur
1268,Kevin Hegde,kundayashodhara@example.net,Patiala
1269,Sara Rout,meghayogi@example.org,Sambhal
1270,Krishna Khare,ishitadesai@example.net,Gulbarga
1271,Daniel Majumdar,,Madurai
1272,Tristan Bobal,chasmumbhagat@example.net,Gorakhpur
1273,Vritti Palla,reva35@example.org,Rajkot
1274,Warjas Singh,anamika21@example.net,Kishanganj
1275,Yashasvi Choudhury,,Bidar
1276,Vyanjana Tak,ranganathantamanna@example.net,Eluru
1277,Madhavi Korpal,umenon@example.net,Bathinda
1278,Neel Narain,wradhakrishnan@example.net,Suryapet
1279,Ayushman Mangat,prashadpanini@example.net,Munger
1280,Onveer Chokshi,vermahemang@example.org,Narasaraopet
1281,Orinder Choudhary,fsavant@example.org,Bijapur
1282,Tara Chakrabarti,bhavna13@example.com,Kochi
1283,Jairaj Madan,widisha88@example.com,Siliguri
1284,Avi Gala,yahvikrish@example.net,Kumbakonam
1285,Vritti Sarna,ramachandranupadhriti@example.com,Bhalswa Jahangir Pur
1286,Gayathri Nanda,sethikrish@example.net,Ujjain
1287,Wahab Khosla,invalid_email,Bhind
1288,Maanav Narain,nilimakaur@example.org,Bihar Sharif
1289,Lekha Chaudhari,ovala@example.net,Rourkela
1290,Yashodhara Desai,lchander@example.net,Udupi
1291,Karan Dasgupta,raghavbajaj@example.org,Saharanpur
1292,Nitara Sarna,udarsh36@example.net,Amaravati
1293,Ishani Bhalla,dboase@example.com,Jorhat
1294,Kabir Krishnan,invalid_email,Bhubaneswar
1295,Triya Varkey,robertmadan@example.com,Imphal
1296,Naveen Doshi,upma93@example.net,Aurangabad
1297,Ranveer Srinivas,hdixit@example.net,Ulhasnagar
1298,Vrishti Jhaveri,jagdishahluwalia@example.com,Ozhukarai
1299,Azaan Sood,chandoliver@example.com,Gudivada
1300,Eesha Naik,ekavirshah@example.net,Maheshtala
1301,Sarthak Wadhwa,asur@example.org,Muzaffarpur
1302,Utkarsh Gokhale,invalid_email,Tadepalligudem
1303,David Sampath,ikarpe@example.com,Arrah
1304,Harshil Majumdar,umang96@example.org,Ahmednagar
1305,Tanay Doctor,chatura98@example.org,Adoni
1306,Arin Contractor,lipika92@example.org,Ozhukarai
1307,Agastya Sankaran,alexander99@example.net,Haridwar
1308,Eshana Dash,otailor@example.net,Surat
1309,Nitara Thaman,ekalinga73@example.net,Mathura
1310,Eiravati Bumb,vedachaudhary@example.com,Varanasi
1311,Wakeeta Ben,dev63@example.org,Thoothukudi
1312,Balveer Bali,anushasarna@example.net,Ambarnath
1313,Warinder Bajaj,libniboase@example.net,Jalandhar
1314,Manan Chacko,jagatsavant@example.com,Gwalior
1315,Viraj Setty,chakrika67@example.com,Kharagpur
1316,Omisha Rao,saniishita@example.net,Mango
1317,Nisha Sengupta,bahlanay@example.net,Kozhikode
1318,Umang Prasad,kashvilanka@example.net,Agartala
1319,Darika Modi,ekani32@example.org,Chinsurah
1320,Barkha Som,uthaman@example.com,Ajmer
1321,Vamakshi Sood,madhavibaria@example.org,Bahraich
1322,Raagini Mahajan,oraman@example.org,Dibrugarh
1323,William Balay,mannesachi@example.org,Tinsukia
1324,Oscar Singh,qdora@example.net,Sultan Pur Majra
1325,Falan Edwin,tanay01@example.net,Panvel
1326,Divya Patel,nadkarniwaida@example.net,Gurgaon
1327,Gabriel Prasad,invalid_email,Alappuzha
1328,Christopher Nagarajan,nsetty@example.com,Coimbatore
1329,Gunbir Bahl,udarshpatil@example.com,Naihati
1330,Frado Lall,lajita11@example.net,Buxar
1331,Chameli Zacharia,balveersingh@example.net,Jalandhar
1332,Bhavini Thaker,ovarughese@example.net,Rampur
1333,Caleb Pal,lakshmi59@example.com,Berhampur
1334,Vanya Narayan,devansh80@example.com,Bhavnagar
1335,Ekavir Raja,rayaan23@example.net,Pallavaram
1336,Peter Upadhyay,advaydoctor@example.net,Salem
1337,Onveer Bhargava,invalid_email,Bhavnagar
1338,Zarna Dasgupta,theodore94@example.net,Ambarnath
1339,Lucky Nanda,fvarkey@example.org,Shahjahanpur
1340,Rushil Sunder,apteyoshita@example.net,Bilaspur
1341,Indrajit Sood,udyatideshpande@example.net,Mangalore
1342,Kiaan Mistry,epadmanabhan@example.net,Amravati
1343,Yasti Kari,zachariarajeshri@example.org,Tirunelveli
1344,Forum Sampath,lnagy@example.net,Junagadh
1345,Dayamai Dhingra,ishaniranganathan@example.net,Moradabad
1346,Pranav Seth,devsarin@example.net,Siwan
1347,Waida Thaman,manthansagar@example.org,Akola
1348,Rohan Mitter,etashukla@example.org,Mumbai
1349,Omya Shankar,yjaggi@example.com,Bhusawal
1350,Gavin Dugar,tkhanna@example.com,Dibrugarh
1351,Rohan Dugal,,Singrauli
1352,Luke Lala,qmani@example.net,Kavali
1353,Veer Brar,vpatel@example.com,Tirunelveli
1354,Theodore Aggarwal,lvenkataraman@example.com,Kolhapur
1355,Udarsh Borah,vincent59@example.org,Phusro
1356,Sanya Srivastava,,Kharagpur
1357,Ekbal Andra,invalid_email,Raurkela Industrial Township
1358,Urvashi Narula,invalid_email,Nangloi Jat
1359,Ojasvi Deshmukh,shauryachauhan@example.com,Tinsukia
1360,Eiravati Sane,kalpitgarde@example.com,Sambhal
1361,Imaran Varghese,neel55@example.com,Mahbubnagar
1362,Nitara Chopra,xavierroy@example.net,Ghaziabad
1363,Ikbal Yohannan,suhani42@example.net,Bhusawal
1364,Wyatt Sampath,dpatil@example.com,Machilipatnam
1365,Shravya Divan,morarwarhi@example.net,Proddatur
1366,Samar Seth,esawhney@example.org,Hyderabad
1367,Yahvi Pall,mkashyap@example.com,Ahmednagar
1368,Hiral Ghose,gautambatta@example.net,South Dumdum
1369,Garima Purohit,girish64@example.net,Khandwa
1370,Tara Gara,amblefaraj@example.com,Chennai
1371,Kai Gaba,ekaniravi@example.org,Bihar Sharif
1372,Bhavini Atwal,ndora@example.net,Ambattur
1373,Nicholas Tara,anthony92@example.org,Bellary
1374,Baghyawati Sood,sandalzehaan@example.net,Anand
1375,Anjali Iyengar,sodhikamya@example.net,Aurangabad
1376,Anika Bose,,Gopalpur
1377,Liam Bakshi,invalid_email,Malegaon
1378,Shivansh Bajwa,darsh01@example.com,Faridabad
1379,Wazir Hegde,upkaar26@example.org,Tiruppur
1380,Rachita Kannan,invalid_email,Gandhidham
1381,Urmi Sachdev,gramesh@example.net,Navi Mumbai
1382,Chanakya Prasad,zayyanbose@example.org,Gulbarga
1383,Lakshit Borde,dixitnirja@example.com,Thrissur
1384,Azad Lanka,daminichoudhary@example.net,Rewa
1385,Yashawini Pall,invalid_email,Dharmavaram
1386,Nihal Narula,ekohli@example.org,Unnao
1387,Caleb Sagar,bhagatlila@example.org,Delhi
1388,Nihal Divan,ekapad96@example.net,Tumkur
1389,Henry Lad,radha95@example.com,Alwar
1390,Ishwar Baria,rajagopaljonathan@example.com,Surendranagar Dudhrej
1391,Ishani Bumb,qasim86@example.net,Jamnagar
1392,Bakhshi Chauhan,hansmanthan@example.org,Meerut
1393,Bhanumati Chadha,,Salem
1394,Rajata Natt,tprabhu@example.net,Karimnagar
1395,Krishna Kalla,bhaktatanvi@example.net,Raipur
1396,Ikbal Memon,jjain@example.com,Aurangabad
1397,Wahab Mohan,rayaanjain@example.net,Motihari
1398,Aditya Goel,dayamai39@example.com,Tirupati
1399,Tejas Kala,invalid_email,Orai
1400,Rohan Sidhu,ssarin@example.net,Rewa
1401,Hiral Aggarwal,shethxavier@example.net,Aurangabad
1402,Lopa Bava,jbali@example.net,Asansol
1403,Tarak Bhatnagar,pkhanna@example.com,Phusro
1404,Imaran Panchal,amaira07@example.net,Ichalkaranji
1405,Darpan Khalsa,kiaanborah@example.org,Korba
1406,Jacob Ramanathan,rameshdev@example.org,Udaipur
1407,Nachiket Soni,vbrar@example.com,Bahraich
1408,Chandran Vaidya,aarini85@example.com,Asansol
1409,Rajeshri Gupta,bhagattripti@example.com,Serampore
1410,Janaki Bedi,dattahenry@example.net,Ichalkaranji
1411,Nakul Hora,patrickchakraborty@example.net,Jalandhar
1412,Balvan Banerjee,bhanumatiramachandran@example.org,Vasai-Virar
1413,Shravya Wagle,uluthra@example.net,Kirari Suleman Nagar
1414,Rachana Gaba,pathakjackson@example.org,Surat
1415,Harini Kuruvilla,sshukla@example.net,Coimbatore
1416,Zarna Manne,wbava@example.org,Shivpuri
1417,Faras Naik,ria32@example.net,Kadapa
1418,Chaitaly Mittal,vnanda@example.org,Bhatpara
1419,Niharika Sen,kalacharan@example.com,Rourkela
1420,Onkar Sarin,akshay89@example.org,Kulti
1421,Priya Gupta,chaitanya87@example.org,Junagadh
1422,Maanav Khanna,yuvrajpatla@example.com,Ahmedabad
1423,Udyati Loke,csrinivas@example.org,Chandigarh
1424,Vinaya Arya,lakshit20@example.org,Jamnagar
1425,Bishakha Lalla,bgopal@example.net,Karawal Nagar
1426,Krish Kurian,ucomar@example.net,Avadi
1427,Vasudha Madan,ekiya95@example.org,Kulti
1428,Vasatika Sastry,pramaswamy@example.net,Panchkula
1429,Bhavya Venkatesh,,Panihati
1430,Pahal Andra,rpalla@example.com,Giridih
1431,Arya Khosla,ijayagrewal@example.com,Gopalpur
1432,Radha Sami,dhriti54@example.org,Nanded
1433,Avni Dutta,dmanne@example.org,Nagpur
1434,Timothy Thakkar,psha@example.org,Berhampur
1435,Chaitaly Randhawa,zbhargava@example.org,Fatehpur
1436,Vamakshi Buch,chanchal46@example.com,Erode
1437,Christopher Pai,abhiramdave@example.com,Nandyal
1438,Rachana Bath,sabharwalanita@example.net,Thoothukudi
1439,Vihaan Panchal,adani@example.com,Eluru
1440,Tanvi Palla,echakrabarti@example.net,Satara
1441,Harish Gara,dprabhakar@example.net,Karaikudi
1442,Ijaya Pillai,boraranbir@example.com,Ambarnath
1443,Geetika Jaggi,noah95@example.net,Khandwa
1444,Aarini Sidhu,invalid_email,Bhimavaram
1445,Lakshmi Tripathi,shravyabarman@example.net,Mumbai
1446,Megha Arora,nitarasekhon@example.net,Tenali
1447,Ansh Mohanty,noahbhatti@example.org,Chennai
1448,Xiti Bains,gabriel97@example.com,Pali
1449,Arya Buch,ochanda@example.com,Siliguri
1450,Wriddhish Bandi,patilekiya@example.net,Bhopal
1451,Frederick Goyal,kohliom@example.net,Fatehpur
1452,Kiaan Brar,chanderurvi@example.com,Bathinda
1453,Gautami Kumer,invalid_email,Nagaon
1454,Vrishti Goyal,kevinkata@example.org,Dhule
1455,Warjas Chaudhry,cbhardwaj@example.net,Bhiwandi
1456,Devika Nath,loyalchaitaly@example.org,Bettiah
1457,Laksh Virk,galaneha@example.org,Medininagar
1458,Karan Rajagopal,shaurya88@example.net,Ichalkaranji
1459,Anya Lata,balasubramanianwarda@example.org,Gangtok
1460,Praneel Madan,sgolla@example.com,Thiruvananthapuram
1461,Jalsa Varughese,danielchand@example.net,Tiruvottiyur
1462,Arunima Narang,nattyashica@example.com,Ratlam
1463,Upkaar Sachdeva,bnath@example.org,Kalyan-Dombivli
1464,Ridhi Kapoor,amoldhawan@example.net,Patiala
1465,Tristan Vig,kalearunima@example.net,Phusro
1466,Rajeshri Vora,fkala@example.org,Jammu
1467,Rachita Brahmbhatt,,Gwalior
1468,Kabir Gokhale,,Durg
1469,Lila Sarna,zayyan12@example.com,Rajkot
1470,Yashvi Garg,odika72@example.com,Shivpuri
1471,Teerth Sanghvi,unnatiparsa@example.com,Rourkela
1472,Jalsa Saini,anthonypant@example.com,Tiruvottiyur
1473,Maya Samra,netrasule@example.com,Medininagar
1474,Chakradhar Roy,,Tirunelveli
1475,Vedika Madan,tandonarin@example.net,Kakinada
1476,Onkar Varma,zoak@example.net,Latur
1477,Prisha Dugar,geranimrat@example.com,Serampore
1478,Finn Sarraf,knarayanan@example.com,Jalandhar
1479,Tejas Kala,zarnavig@example.org,Gaya
1480,Udarsh Bir,csarkar@example.com,Shivpuri
1481,Upadhriti Tailor,contractordayita@example.org,Bhavnagar
1482,Charvi Aggarwal,omnagarajan@example.org,Kurnool
1483,Gaurika Joshi,urvashiborah@example.net,Srikakulam
1484,Anamika Ranganathan,rachit36@example.net,Siliguri
1485,Karan Reddy,aayush87@example.com,Delhi
1486,Abha Balasubramanian,darshkaul@example.com,Pimpri-Chinchwad
1487,Bachittar Ravi,nathanielnarula@example.com,Ajmer
1488,Farhan Comar,janya98@example.net,Ambala
1489,Zaitra Menon,hritik09@example.org,Amroha
1490,Bhavani Majumdar,,Ahmedabad
1491,Xiti Bhatia,boraaadi@example.org,Bulandshahr
1492,Yashvi Rajagopal,ryan52@example.com,Shivpuri
1493,Odika Chawla,rattantarak@example.net,Adoni
1494,Mason Borde,invalid_email,Danapur
1495,Yachana Mane,odani@example.net,Hindupur
1496,Michael Toor,urmi67@example.com,Hindupur
1497,Yug Kakar,anusha00@example.com,Vadodara
1498,Guneet Batta,unni98@example.net,Bhilwara
1499,Finn Gulati,jsuresh@example.com,Siwan
1500,Lohit Date,parmarjanuja@example.net,Chinsurah
1501,Abhiram Kara,lohitmitra@example.org,Kavali
1502,Gabriel Sharaf,omkaaryohannan@example.org,Naihati
1503,Dakshesh Pandey,asom@example.com,Phagwara
1504,Balvan Varughese,bprabhakar@example.com,Gandhinagar
1505,Ranbir Barad,nbhatia@example.com,Kurnool
1506,Amaira Jani,dvora@example.net,Amaravati
1507,Ethan Anne,mishradev@example.org,Panipat
1508,Gaurika Loyal,singhaljanya@example.org,Ghaziabad
1509,Dominic Chakraborty,kashyapleena@example.com,Katni
1510,Banjeet Pandey,rachit44@example.com,Bhiwani
1511,Udant Wali,wyatt08@example.net,Narasaraopet
1512,Varenya Acharya,varenyasetty@example.org,Udupi
1513,Matthew Chaudhari,nagate@example.com,Bardhaman
1514,Chakradev Karan,irege@example.com,Bilaspur
1515,Yadavi Dhar,yashvyas@example.com,South Dumdum
1516,Xiti Agarwal,vdatta@example.com,Jaunpur
1517,Krishna Mahajan,acharyaturvi@example.com,Srikakulam
1518,Karan Babu,balhaarbehl@example.com,Panvel
1519,Divya Puri,usem@example.net,Hubli–Dharwad
1520,Ojas More,hthaker@example.org,Howrah
1521,Rajata Chakrabarti,ochokshi@example.org,Raiganj
1522,Indira Korpal,dalaja21@example.com,Darbhanga
1523,Dipta Mall,jonathanshanker@example.net,Jamalpur
1524,Om Dora,wyatt36@example.com,Guntakal
1525,Bahadurjit Hayre,qdas@example.net,Jalna
1526,Ekiya Bail,kalataneja@example.org,Jaipur
1527,Libni Ramanathan,jagrati92@example.net,Dindigul
1528,Amol Padmanabhan,omishasingh@example.org,Vijayanagaram
1529,Bhanumati Sehgal,lakshit70@example.org,Avadi
1530,Aarini Lal,warhi56@example.net,Naihati
1531,Baghyawati Iyer,miteshsant@example.com,Khammam
1532,Isaac Biswas,poojarai@example.com,Asansol
1533,Samaksh Issac,ptailor@example.com,Ujjain
1534,Zarna Morar,senqasim@example.org,Sambalpur
1535,Radhika Ahluwalia,chaudharyamara@example.org,Hajipur
1536,Peter Prasad,faraskalla@example.org,Bahraich
1537,Brijesh Mangat,rampranit@example.org,Erode
1538,Jhalak Dhingra,luthrafaraj@example.com,Muzaffarpur
1539,Wishi Swamy,anusha63@example.com,Sirsa
1540,Eta Garde,borrabachittar@example.net,Pali
1541,Anika Thakkar,esane@example.com,Jamalpur
1542,Darpan Raja,tnori@example.org,Rajahmundry
1543,Azad Dey,rsuri@example.net,New Delhi
1544,Aahana Jha,madanturvi@example.net,Chennai
1545,Bakhshi Dugar,kurianaadhya@example.com,Salem
1546,Waida Patel,borraanya@example.com,Kottayam
1547,Osha Kapoor,unnatikale@example.net,Sultan Pur Majra
1548,Vidhi Chowdhury,devnigam@example.net,Panihati
1549,Amaira Talwar,sunderyahvi@example.net,Kolhapur
1550,Balvan Ganesan,emangat@example.org,Mangalore
1551,Abeer Sem,amrutaminhas@example.org,Purnia
1552,Joshua Thaker,sethidaniel@example.org,Karimnagar
1553,Zaitra Thaman,patrickkala@example.com,Guwahati
1554,Charles Bal,aashibhatnagar@example.org,Nashik
1555,Frederick Mittal,fsharma@example.com,Shimla
1556,Advika Bhavsar,ovarty@example.com,Tezpur
1557,Saksham Borra,hemani18@example.org,Madurai
1558,Nimrat Karan,sanghvihema@example.net,Patna
1559,Zinal Roy,brai@example.org,Sagar
1560,Om Kibe,onijoshi@example.org,Fatehpur
1561,Adweta Sarkar,wmand@example.com,Bokaro
1562,Christopher Sur,ekavirpal@example.net,Mango
1563,Aishani Bedi,indrajitsoni@example.org,Bellary
1564,Vidhi Parekh,watikaborah@example.org,Gopalpur
1565,Ishanvi Sachar,udarsh39@example.com,Guna
1566,Yashasvi Pathak,gaurav70@example.net,Kharagpur
1567,Chaman Chander,iyeraryan@example.org,Bhusawal
1568,Akshay Saini,invalid_email,South Dumdum
1569,Girish Bala,yug59@example.org,Siwan
1570,Gautami Sathe,nairqabil@example.org,Jamnagar
1571,Aachal Jani,invalid_email,Eluru
1572,Radhika Swaminathan,charles76@example.org,Bettiah
1573,Widisha Bava,aryabhat@example.net,Varanasi
1574,Frado Jhaveri,farasbatra@example.net,Tirupati
1575,Wyatt Sachdev,sai98@example.org,Chittoor
1576,Maanav Baria,vivaan05@example.org,Kolkata
1577,Nimrat Thaman,iraghavan@example.org,Haldia
1578,Xalak Johal,qbhattacharyya@example.org,Hapur
1579,Laban Bal,jzachariah@example.org,Ratlam
1580,Saanvi Kurian,jparmer@example.org,Mathura
1581,Praneel Kapadia,nadkarnichatura@example.net,Bidhannagar
1582,Bhavya Chakrabarti,naidurayaan@example.net,Arrah
1583,Aachal Thakkar,yugwable@example.net,Kolhapur
1584,Zarna Ben,aachal02@example.com,Bhiwani
1585,Ekapad Contractor,naiduamol@example.net,Solapur
1586,Krishna Modi,devdatta@example.com,Cuttack
1587,Upasna Sawhney,vaishnavi43@example.org,Hyderabad
1588,Mitesh Dubey,onveernadig@example.org,Deoghar
1589,Advaith Nadkarni,baghyawati51@example.org,Ramagundam
1590,Amruta Seshadri,,New Delhi
1591,Siya Anne,,Tumkur
1592,Yachana Jaggi,mitterrudra@example.org,Thiruvananthapuram
1593,Idika Chandra,kamya43@example.net,Jabalpur
1594,Charita Dhawan,balanmanthan@example.net,Bhiwandi
1595,Kritika Sahni,saniisaac@example.org,Bilaspur
1596,Meghana Sood,invalid_email,Motihari
1597,Gayathri Lata,aishanivora@example.com,Rohtak
1598,Arya Agate,shuklawaida@example.org,Morbi
1599,Maanas Chakrabarti,mdyal@example.net,Shahjahanpur
1600,Maanav Hayer,alexander40@example.org,Ahmedabad
1601,Ishanvi Mann,bajwasai@example.com,Vijayawada
1602,Yoshita Nigam,osha76@example.net,Aligarh
1603,Jasmit Keer,lohitborra@example.org,Mahbubnagar
1604,Ekaraj Agate,pranavkorpal@example.net,Gopalpur
1605,Daksh Nazareth,tchana@example.com,Belgaum
1606,Hemangini Randhawa,voraupma@example.net,Phagwara
1607,Ekantika Trivedi,rajata26@example.com,Machilipatnam
1608,Sai Mital,rrajagopal@example.com,Jabalpur
1609,Waida Memon,nachiket59@example.com,Faridabad
1610,Imaran Kapoor,rehaan70@example.org,Silchar
1611,Gabriel Chhabra,msabharwal@example.com,North Dumdum
1612,Dipta Shan,iraganguly@example.net,Rajkot
1613,Ekiya Kant,vermasiddharth@example.org,Korba
1614,Adya Sodhi,devikasuresh@example.com,Mehsana
1615,Saanvi Saraf,doshixiti@example.com,Agra
1616,Teerth Kanda,narulaojas@example.org,Bahraich
1617,Yadavi Balay,janiakshay@example.org,Noida
1618,Neel Bali,ddhar@example.org,Khammam
1619,Anya Zacharia,qsaraf@example.com,Raebareli
1620,Kiaan Sama,ladli49@example.net,Vadodara
1621,Ekaraj Amble,nitara09@example.com,North Dumdum
1622,Upasna Master,rishikapur@example.net,Surat
1623,Bakhshi Suresh,msekhon@example.com,Adoni
1624,Owen Bose,aayushsrinivas@example.net,Aligarh
1625,Simon Sarma,ddayal@example.org,Morena
1626,Shivansh Misra,pghosh@example.com,Berhampore
1627,Gaurangi Tara,invalid_email,Saharsa
1628,Ojasvi Joshi,vohrawarjas@example.org,Singrauli
1629,Isha Bains,rachit68@example.com,Bardhaman
1630,Kashvi Kaul,theodorewason@example.net,Firozabad
1631,Aditya Anne,tarasawhney@example.com,Kharagpur
1632,Vritti Kala,bissac@example.com,Shahjahanpur
1633,Jagrati Shroff,balhaarsoman@example.net,Udupi
1634,Anvi Cherian,harishbalay@example.org,Shimla
1635,Ayaan Chaudhry,omyachanda@example.net,Tenali
1636,Udyati Dewan,zinalsachdev@example.com,Haldia
1637,Wahab Solanki,morechakrika@example.net,Purnia
1638,Anirudh Prakash,,Tiruvottiyur
1639,Vasana Agrawal,valaekanta@example.net,Nadiad
1640,Aashi Chakraborty,lila10@example.org,Bhatpara
1641,Urmi Dhingra,bina52@example.net,Munger
1642,Pallavi Kakar,vritti39@example.com,Thoothukudi
1643,Ayush Pandit,menonharita@example.net,Dewas
1644,Vansha Chopra,rbalay@example.net,Jamshedpur
1645,Garima Bir,tdugal@example.com,Bahraich
1646,Dakshesh Yohannan,devanshhayer@example.com,Malegaon
1647,Yasti Bansal,siddharthsarraf@example.com,Etawah
1648,Rayaan Sibal,gabalibni@example.org,Durgapur
1649,Gauri Ahuja,maharajarunima@example.com,Sirsa
1650,Daksha Basak,,Chittoor
1651,Manya Sibal,janya77@example.com,Amroha
1652,Lekha Dara,vrinda99@example.com,Aligarh
1653,Netra Balan,invalid_email,Karaikudi
1654,Gopal Kalla,tchakrabarti@example.net,Saharanpur
1655,Nitesh Ram,isuresh@example.net,Bally
1656,Sai Ahuja,yashodanath@example.org,Hindupur
1657,Rudra Chahal,qsandhu@example.com,Junagadh
1658,Qabil Bhatia,pgopal@example.com,Tenali
1659,Pavani Sura,invalid_email,Chandrapur
1660,Lila Sarma,peterbora@example.net,Rewa
1661,Sai Badal,invalid_email,Kumbakonam
1662,Peter Behl,dtak@example.com,Ludhiana
1663,Siya Mallick,daniel64@example.com,Visakhapatnam
1664,Nikita Loyal,doctorsaumya@example.org,Khammam
1665,Fariq Pandey,patrickgolla@example.com,Lucknow
1666,Noah Sehgal,lakshitbaria@example.com,Phusro
1667,Abeer Ravi,qarinrama@example.com,Aizawl
1668,Kiaan Raman,agastyakar@example.com,Imphal
1669,Parth Buch,surchristopher@example.org,Ranchi
1670,Yochana Rajagopalan,bkale@example.org,Jalgaon
1671,William Saxena,abhiramradhakrishnan@example.org,Gulbarga
1672,Vamakshi Bhatia,iramaswamy@example.com,Darbhanga
1673,Logan Dada,divya77@example.org,Bhiwani
1674,Ronith Goda,damble@example.net,Jabalpur
1675,Maanav Banerjee,zayyan63@example.org,Varanasi
1676,Kevin Srinivas,harishsibal@example.com,Ozhukarai
1677,Pahal Gara,randhawayash@example.org,Purnia
1678,Arin Sibal,,Gwalior
1679,Janaki Parsa,invalid_email,Mahbubnagar
1680,Girish Salvi,devika13@example.org,Jabalpur
1681,Kavya Jain,aradhana01@example.net,Kumbakonam
1682,Jasmit Mann,jairaj02@example.com,Sikar
1683,Yatin Kara,harish17@example.org,Muzaffarnagar
1684,Jairaj Dugar,nlalla@example.com,Gulbarga
1685,Arunima Puri,mandaekansh@example.org,Tiruchirappalli
1686,Caleb Date,udyatichaudhary@example.com,Kumbakonam
1687,Meera Sachdeva,grewalyash@example.org,Ulhasnagar
1688,Geetika Dutt,geraowen@example.com,Gorakhpur
1689,Vasatika Kari,gayathrichada@example.org,Mau
1690,Damini Doshi,zmahajan@example.com,Bihar Sharif
1691,Anita Shah,balajatin@example.org,Sambhal
1692,Warinder Zacharia,ranbir06@example.org,Coimbatore
1693,Krishna Thakkar,yatankrishna@example.com,Raipur
1694,Ranveer Agrawal,qarin33@example.com,Shimoga
1695,Lohit Jha,bishakha60@example.org,Sambalpur
1696,Nathan Vora,advaykaul@example.com,Kadapa
1697,Alexander Raman,sankaranjagdish@example.org,Mumbai
1698,Vivaan Devi,invalid_email,Hajipur
1699,Henry Manne,abdulseshadri@example.com,Bettiah
1700,Benjamin Dass,,Bhilai
1701,Nitara Naidu,deepjyoti@example.net,Gangtok
1702,Baljiwan Sharma,ganga92@example.org,Satna
1703,Osha Dhingra,invalid_email,Ranchi
1704,Yashica Lala,epal@example.org,Pallavaram
1705,Zehaan Kalla,semfaqid@example.net,Sangli-Miraj & Kupwad
1706,Ojasvi Nayak,max51@example.com,Jamnagar
1707,Eesha Choudhary,eshana43@example.net,Anand
1708,Peter Baria,goswamiraksha@example.net,Silchar
1709,Kalpit Nazareth,udyatibumb@example.com,Guntur
1710,Devansh Jha,surchatura@example.net,Madhyamgram
1711,Nachiket Tripathi,zgandhi@example.net,Moradabad
1712,Alexander Karpe,bandidevika@example.net,Ramagundam
1713,Upasna Mahal,dadakalpit@example.com,Rampur
1714,Lajita Ganguly,amolgoel@example.net,Tirupati
1715,Sara Virk,ksachdeva@example.org,Jehanabad
1716,Neha Kar,jasmit15@example.net,Berhampur
1717,Irya Cherian,thakkarbalhaar@example.com,Serampore
1718,Warhi Varghese,balakrishnanbalveer@example.com,Panchkula
1719,Brinda Bahl,anitathaker@example.net,Satna
1720,Guneet Bhagat,matthewkoshy@example.org,Ambattur
1721,Zansi Oommen,ekapadganguly@example.org,Mira-Bhayandar
1722,Ekapad Bajwa,invalid_email,Muzaffarnagar
1723,Oviya Bhatia,crajan@example.org,Gandhidham
1724,Dayita Chadha,tristankhatri@example.org,Farrukhabad
1725,Tripti Handa,isha15@example.org,Agartala
1726,Rishi Andra,mahajantanish@example.net,Tadepalligudem
1727,Faqid Raja,ucchalkannan@example.net,Gudivada
1728,Harrison Pillai,tyadav@example.org,Baranagar
1729,Alka Ramachandran,chaturalala@example.net,Salem
1730,Vincent Manda,ekantika73@example.org,Machilipatnam
1731,Wahab Kadakia,bhavaniwarrior@example.com,Varanasi
1732,Neha Saha,qushi78@example.org,Aurangabad
1733,Ethan Salvi,invalid_email,Nizamabad
1734,Abha Pal,nigamrushil@example.net,Asansol
1735,Gabriel Sen,anjali50@example.net,Rajahmundry
1736,Yashawini Bhardwaj,radha01@example.com,Kota
1737,Jyoti Sankaran,hariurmi@example.com,Raiganj
1738,Kashish Patel,krish25@example.net,Allahabad
1739,Vanya Deshpande,odika97@example.net,Sonipat
1740,Ryan Gade,maanassrinivasan@example.com,Warangal
1741,Varenya Bala,leenaratta@example.net,Pali
1742,Samarth Karpe,eshanabawa@example.com,Nellore
1743,Omaja Dar,nkhalsa@example.net,Chennai
1744,Rushil Doctor,deodalbir@example.net,Tadipatri
1745,Vedhika Ben,ishwar01@example.net,Tiruvottiyur
1746,Eta Nagar,,Raipur
1747,Rudra Mishra,sacharya@example.org,Kottayam
1748,Chasmum Kari,abeergara@example.org,Mehsana
1749,Hritik Sagar,pramakrishnan@example.com,Tirupati
1750,Ladli Sarma,ekansh89@example.net,Karaikudi
1751,Wakeeta Mannan,aachal17@example.net,Srinagar
1752,Dhriti Rama,sbera@example.org,Patiala
1753,Balhaar Deol,guptagarima@example.net,Miryalaguda
1754,Qarin Panchal,ejohal@example.com,Vellore
1755,Laban Buch,george95@example.org,Saharanpur
1756,George Bava,qshenoy@example.com,Bahraich
1757,Gunbir Dave,wsahni@example.org,Guna
1758,Thomas Khanna,krisha04@example.net,Madurai
1759,Alexander Aurora,dyalquincy@example.org,Amritsar
1760,Ojas Kaur,ianne@example.net,Nangloi Jat
1761,Yagnesh Boase,yatinkara@example.net,Mehsana
1762,Omya Rout,surakshay@example.org,Navi Mumbai
1763,Rudra Sharaf,falak10@example.net,Vadodara
1764,Peter Acharya,zkarpe@example.net,Loni
1765,Yashoda Dara,chaudhryyochana@example.net,Tumkur
1766,Advay Dhingra,dhruvyadav@example.net,Surendranagar Dudhrej
1767,Praneel Om,odasgupta@example.org,Mathura
1768,William Dash,bainsraghav@example.net,Eluru
1769,Alexander Banik,krishvarty@example.org,Baranagar
1770,Naveen Bhargava,bhandariyashvi@example.com,Vellore
1771,Logan Nori,ykibe@example.net,Jorhat
1772,Alexander Kala,gben@example.net,Saharsa
1773,Eta Yohannan,ishwar69@example.com,Bihar Sharif
1774,Samesh Bajaj,invalid_email,Giridih
1775,Falak Gupta,invalid_email,Dhanbad
1776,Radhika Nath,dhritirajagopalan@example.com,Nagercoil
1777,Zashil Wali,yuvraj93@example.org,Gurgaon
1778,Dipta Ramachandran,naurora@example.org,Aurangabad
1779,Hemangini Salvi,nisha08@example.net,Thiruvananthapuram
1780,Vritti Bahri,chakrikaarya@example.org,Khammam
1781,Kashish Srinivas,,Motihari
1782,Deepa Sundaram,naveendar@example.org,Vadodara
1783,Januja Grover,piyengar@example.org,Kochi
1784,Atharv Krishna,idas@example.org,Hapur
1785,Tara Gupta,invalid_email,Kharagpur
1786,Lakshit Pandit,,Bihar Sharif
1787,Watika Hora,,Sirsa
1788,Daksh Saxena,,Rajahmundry
1789,Ekansh Vyas,brinda79@example.org,Gaya
1790,Pavani Taneja,aarini87@example.org,Meerut
1791,Qarin Menon,ekavir84@example.com,Srikakulam
1792,Manbir Pant,invalid_email,Dindigul
1793,Ethan Mann,ppillai@example.net,Kolkata
1794,Jairaj Badami,berakrishna@example.com,Amaravati
1795,Mohini Sinha,pratyush71@example.com,Hubli–Dharwad
1796,Urmi Peri,ekiya39@example.net,Ahmednagar
1797,Manan Char,omaharaj@example.org,Bhavnagar
1798,Zinal Som,virajmukhopadhyay@example.org,Ranchi
1799,Darsh Cheema,routupadhriti@example.org,Davanagere
1800,Jai Kapur,gouridika@example.org,Rohtak
1801,Charles Dave,invalid_email,Ambarnath
1802,Siddharth Prabhu,rajeshri97@example.net,Latur
1803,Charvi Pandya,gulatisudiksha@example.net,Nagpur
1804,Nachiket Kala,baralnirja@example.net,Amroha
1805,Eta Kaur,invalid_email,Bhatpara
1806,Qadim Bajaj,eoak@example.com,Sikar
1807,Waida Dhar,nandinipai@example.net,Navi Mumbai
1808,Veda Lad,kibeekta@example.com,Darbhanga
1809,Mugdha Prabhakar,samakshmangal@example.net,Latur
1810,Advay Kale,nagarishani@example.org,Belgaum
1811,Vincent Loke,ipatel@example.com,Machilipatnam
1812,Sathvik Ganesh,pcheema@example.com,Bongaigaon
1813,Chasmum Balakrishnan,vsidhu@example.org,Hapur
1814,Gaurav Warrior,gdubey@example.org,Arrah
1815,Ganga Yogi,ojasvi97@example.com,Sirsa
1816,Vedika Venkatesh,frederick78@example.org,Aurangabad
1817,Samar Rastogi,tandonanita@example.org,Vasai-Virar
1818,Hemal Bhardwaj,niteshdara@example.net,Sikar
1819,Kamala Viswanathan,patrick82@example.com,Akola
1820,Gautami Gulati,sethiyatin@example.org,Nashik
1821,Anjali Pal,behlikshita@example.com,Karnal
1822,Praneel Dube,henrykaur@example.org,Sikar
1823,Samaksh Loke,lohitkrishna@example.com,Ajmer
1824,Tanvi Murthy,dakshesh03@example.org,Jammu
1825,Lucky Sachar,pdara@example.net,Begusarai
1826,Advik Thaman,lakshmikhalsa@example.org,Gorakhpur
1827,Manan Char,upasnagupta@example.com,Madanapalle
1828,Yauvani Acharya,qchakraborty@example.net,Maheshtala
1829,Ekaraj Dubey,gautami75@example.org,Karnal
1830,Tamanna Dhawan,dpall@example.net,Anantapur
1831,Sachi Sachdev,ltailor@example.com,Bahraich
1832,Bakhshi Purohit,januja14@example.com,Rohtak
1833,Nihal Chakraborty,zaid62@example.org,Motihari
1834,Kabir Dass,xnayar@example.net,Shimoga
1835,Hemani Tank,shroffoliver@example.net,Avadi
1836,Pooja Kata,vborah@example.com,Rourkela
1837,Krishna Kothari,mparmar@example.com,Avadi
1838,Hemangini Nadkarni,mandaleshana@example.net,Bhiwani
1839,Dayita Lal,bchakrabarti@example.org,Pimpri-Chinchwad
1840,Arin D’Alia,tanveer60@example.net,Haridwar
1841,Vasana Bora,rachanajoshi@example.net,Kamarhati
1842,Ekiya Bawa,,Mathura
1843,Neel Amble,viswanathanfaraj@example.org,Cuttack
1844,Kashvi Choudhury,gangamunshi@example.org,Madurai
1845,Omkaar Rao,danijai@example.net,Ajmer
1846,Yutika Apte,vaishnavikamdar@example.org,Ghaziabad
1847,Turvi Chandran,hariniranganathan@example.net,Avadi
1848,Yutika Gala,triveni84@example.net,Rajkot
1849,Gunbir Sanghvi,bimala63@example.org,Tadepalligudem
1850,Arya Kapur,kandawarinder@example.com,Lucknow
1851,Nidra Apte,janya62@example.net,Kota
1852,Janya Wason,orajagopalan@example.net,Faridabad
1853,Ekaraj Iyengar,,Jorhat
1854,Pranit Kale,shenoynoah@example.com,Raiganj
1855,George Purohit,,Nashik
1856,Tanveer Narula,ghoselohit@example.net,Bhatpara
1857,Dayita Sen,barmanhemang@example.org,Amroha
1858,Aryan Zachariah,groveromisha@example.com,Sambhal
1859,Yahvi Dani,nyohannan@example.net,Aligarh
1860,Jeremiah Kari,thakkarvaishnavi@example.net,Bulandshahr
1861,Nirja Rastogi,tanishsandhu@example.com,Dhule
1862,Gabriel Gaba,vigniharika@example.org,Jehanabad
1863,Gaurav Deo,chakrika49@example.com,Jaunpur
1864,Dipta Pandya,mahalmahika@example.net,Ichalkaranji
1865,Advika Shanker,yadavsanaya@example.org,Thiruvananthapuram
1866,Lavanya Swaminathan,rkothari@example.com,Hindupur
1867,Madhavi Dave,jvarghese@example.org,Amravati
1868,Rayaan Ahluwalia,alexander58@example.net,Nadiad
1869,Dipta Lall,,Bettiah
1870,Finn Bedi,ydhar@example.org,Solapur
1871,Nandini Dhar,bbasak@example.net,Kanpur
1872,Parth Chakrabarti,kalamitesh@example.net,Morbi
1873,Qarin Johal,xaviertara@example.net,Shimoga
1874,Victor Sekhon,jdeshpande@example.com,Kolkata
1875,Abha Sanghvi,reddysanya@example.org,Hubli–Dharwad
1876,Devika Taneja,wishikeer@example.com,Chapra
1877,Hemani Merchant,invalid_email,Varanasi
1878,Ganga Sarna,oandra@example.com,Ambattur
1879,Isha Garg,uwable@example.net,Amroha
1880,Vasudha Pant,minhasria@example.com,Nagercoil
1881,Ryan Chakrabarti,hayrechakradhar@example.net,Serampore
1882,Benjamin Chacko,kaulbalhaar@example.org,Noida
1883,Caleb Varughese,zaid61@example.net,Hapur
1884,Neelima Subramaniam,andrew92@example.org,Delhi
1885,Advaith Mand,zbatra@example.com,Sikar
1886,Devika Divan,qsridhar@example.com,Saharsa
1887,Jagdish Sule,invalid_email,Tiruchirappalli
1888,Jairaj Sankar,wdutt@example.org,Miryalaguda
1889,Alka Chand,,Akola
1890,Odika Bala,kibepriya@example.com,Ranchi
1891,Balvan Master,vedikatak@example.org,Kadapa
1892,Girindra Dass,jhaveriryan@example.com,Bokaro
1893,Aarav Chadha,invalid_email,Danapur
1894,Bhavna Srivastava,tanviaggarwal@example.net,Jalgaon
1895,Radha Ganesan,invalid_email,Bhagalpur
1896,Yadavi Patel,rattaaachal@example.org,Motihari
1897,Frederick Reddy,hemal96@example.com,Tirupati
1898,Yatin Dhaliwal,sanghachameli@example.com,Raiganj
1899,Advay Arya,,Kanpur
1900,Pooja Mandal,rushilbrahmbhatt@example.org,Raebareli
1901,Abeer Khosla,ganga47@example.com,Bihar Sharif
1902,Yatin Sachdev,,Haridwar
1903,Rayaan Lanka,vamakshihalder@example.com,Bettiah
1904,Yash Magar,oeshirastogi@example.org,Anantapur
1905,Udant Loyal,bhavna73@example.net,Amritsar
1906,Raghav Reddy,jsharma@example.com,Hyderabad
1907,Charita Ramanathan,meghana92@example.net,Lucknow
1908,Ayush Shukla,dedamyanti@example.net,Amaravati
1909,Umang Pillay,revaarora@example.org,Dehri
1910,Balendra Narayan,ypandya@example.com,Gandhinagar
1911,Patrick Maharaj,sudiksha85@example.org,Thanjavur
1912,Forum Khurana,george38@example.com,Saharsa
1913,Tanish Misra,,Jehanabad
1914,Aishani Padmanabhan,urvibhatnagar@example.org,Nanded
1915,Nirja Doshi,invalid_email,Shimoga
1916,Matthew Krishnamurthy,yugarya@example.net,Nanded
1917,Anamika Rege,venkataramanisaac@example.com,Bhatpara
1918,Saumya Mani,kapoorradha@example.net,Ranchi
1919,Farhan Nath,,Jalna
1920,Upadhriti Agrawal,nsundaram@example.net,Vijayanagaram
1921,Gaurika Wagle,abdul34@example.com,Aizawl
1922,Omkaar Konda,david32@example.com,Panihati
1923,Utkarsh Memon,cganesh@example.org,Surat
1924,Matthew Tella,priya72@example.org,Jalgaon
1925,Yamini Handa,sjain@example.net,Malegaon
1926,Kashish Shetty,jmody@example.org,Hosur
1927,Hitesh Pillai,vedant69@example.com,Bhilwara
1928,Unnati Doctor,tamannamutti@example.com,Panchkula
1929,Logan Dash,rehaankala@example.com,Kulti
1930,Janaki Bansal,nikita11@example.org,Ambattur
1931,Widisha More,bhardwajishita@example.net,Ranchi
1932,Ekantika Bala,yutika42@example.net,Ajmer
1933,Aarnav Konda,vaidyajalsa@example.com,Erode
1934,Utkarsh Sankaran,omaja75@example.org,Bikaner
1935,Rajeshri Agrawal,vmadan@example.org,Indore
1936,Suhani Anand,balendrakarnik@example.org,Baranagar
1937,Anthony Chawla,dixitlekha@example.org,Unnao
1938,Oliver Buch,vasatika78@example.net,Jabalpur
1939,Banjeet Srivastava,chandraharini@example.org,Jamshedpur
1940,Jalsa Sant,tgokhale@example.net,Jaunpur
1941,Urmi Dhar,yogiurishilla@example.com,Bahraich
1942,Champak Misra,xgupta@example.net,Katihar
1943,Aarnav Kothari,beradaniel@example.org,Danapur
1944,Bina Sanghvi,dasfaraj@example.net,Parbhani
1945,Pranit Ramaswamy,csandhu@example.net,Dehradun
1946,Watika Verma,,Firozabad
1947,Ekbal Agate,geetikadhawan@example.net,Vellore
1948,Chandani Munshi,devieshana@example.com,Bidar
1949,Watika Kala,chowdhuryneelima@example.org,Dibrugarh
1950,Veer Uppal,nraman@example.org,Kirari Suleman Nagar
1951,Chandresh Pal,bhandariwarinder@example.org,Raurkela Industrial Township
1952,Warda Sarkar,bbose@example.org,Ghaziabad
1953,Om Balakrishnan,ria27@example.net,Karimnagar
1954,Kashvi Yadav,qmaster@example.org,Sangli-Miraj & Kupwad
1955,Ansh Sarraf,pkade@example.org,Karnal
1956,Yash Bhattacharyya,nramanathan@example.org,Sagar
1957,Divya Nagar,daliaomaja@example.com,Berhampur
1958,Bhanumati Oommen,invalid_email,Chapra
1959,Nidhi Ahluwalia,bseth@example.com,Chittoor
1960,Gaurangi Barad,balayyochana@example.org,Satna
1961,Varsha Hegde,vgarde@example.com,Dindigul
1962,Chakradhar Kohli,karinakul@example.com,Anand
1963,Anthony Doctor,charles52@example.org,Rampur
1964,Nisha Nazareth,advikgera@example.net,Kumbakonam
1965,Banjeet Goswami,nadiganthony@example.com,Yamunanagar
1966,Arin Din,,Bihar Sharif
1967,Baghyawati Modi,invalid_email,Aurangabad
1968,Laban Mander,dhingraharinakshi@example.com,Ramgarh
1969,Chandran Dash,diyaboase@example.org,Anantapuram
1970,Yashawini Sangha,thomaslad@example.net,Junagadh
1971,Xavier Dayal,invalid_email,Bhagalpur
1972,Amara Venkataraman,zansi01@example.net,Ahmedabad
1973,Leela Sahota,ishani17@example.org,Rajkot
1974,Warinder Bail,parthcomar@example.org,Motihari
1975,Madhav Ram,sai35@example.net,New Delhi
1976,Aarush Kata,farajkara@example.net,Guntakal
1977,Dev Nagi,krishna48@example.org,Kulti
1978,Chakradhar Maharaj,nom@example.org,Khandwa
1979,Chaitanya Savant,boasechandresh@example.org,Coimbatore
1980,Lohit Rama,kabirmerchant@example.org,Hajipur
1981,Chameli Nagi,invalid_email,Howrah
1982,Anmol Bhatia,chaman91@example.org,Junagadh
1983,Nakul Ravel,ramachandranbhavika@example.org,Bhiwani
1984,Samaksh Behl,karan98@example.net,Pallavaram
1985,Rudra Bumb,jbumb@example.com,Darbhanga
1986,Harinakshi Sekhon,hiral55@example.com,Saharanpur
1987,Falan Prasad,dyalmax@example.com,Asansol
1988,Zaitra Varkey,,Ambarnath
1989,Balendra Natarajan,majumdarhema@example.org,Coimbatore
1990,Farhan Vohra,vrindadayal@example.com,Farrukhabad
1991,Vedhika Datta,xpatla@example.net,Bardhaman
1992,Ryan Gour,kashish76@example.net,Warangal
1993,Maanav Vora,sakshambawa@example.org,Baranagar
1994,Reyansh Kashyap,ddeol@example.net,Nanded
1995,Radha Sarin,sandalsathvik@example.com,Muzaffarnagar
1996,Falak Kamdar,bhavikadatta@example.net,Sambhal
1997,Damini Sarna,kumerjason@example.org,Bidhannagar
1998,Mitesh Anne,zayanchaudhari@example.org,Nagpur
1999,Oeshi Parsa,rajanzinal@example.com,Shimoga
2000,Ekavir Gera,invalid_email,Bangalore
11,Sarthak Karpe,fyogi@example.com,Ambattur
1339,Lucky Nanda,fvarkey@example.org,Shahjahanpur
1798,Zinal Som,virajmukhopadhyay@example.org,Ranchi
155,Vrishti Narayan,upasnadesai@example.net,Naihati
1934,Utkarsh Sankaran,omaja75@example.org,Bikaner
1104,Atharv Kapur,johalekta@example.org,Raichur
321,Yashvi Mandal,invalid_email,Muzaffarnagar
519,Vinaya Gupta,bsanghvi@example.net,Mirzapur
22,Deepa Chaudhari,bhatnagarzehaan@example.net,Gudivada
1898,Yatin Dhaliwal,sanghachameli@example.com,Raiganj
1147,Anamika Krish,nattayaan@example.net,Gwalior
1106,Nachiket Amble,,Madurai
270,Devansh Anand,haritabalan@example.net,Satara
807,Shivani Som,vbuch@example.net,Bhimavaram
1752,Dhriti Rama,sbera@example.org,Patiala
1374,Baghyawati Sood,sandalzehaan@example.net,Anand
141,Mohini Prashad,jack91@example.com,Serampore
366,Amrita Bhatia,chaayadara@example.com,Tadipatri
1845,Omkaar Rao,danijai@example.net,Ajmer
1422,Maanav Khanna,yuvrajpatla@example.com,Ahmedabad
904,Anthony Randhawa,madannisha@example.net,Begusarai
1749,Hritik Sagar,pramakrishnan@example.com,Tirupati
1320,Barkha Som,uthaman@example.com,Ajmer
243,Darika Mane,ishanimallick@example.org,Aurangabad
1871,Nandini Dhar,bbasak@example.net,Kanpur
243,Darika Mane,ishanimallick@example.org,Aurangabad
503,Ishaan Mishra,gandhitara@example.org,Imphal
784,Umang Sethi,georgedivan@example.org,Jamshedpur
1979,Chaitanya Savant,boasechandresh@example.org,Coimbatore
1908,Ayush Shukla,dedamyanti@example.net,Amaravati
18,Lakshmi Brahmbhatt,chanderwyatt@example.net,Gudivada
168,Qarin Chaudhuri,rishichawla@example.org,Bhalswa Jahangir Pur
155,Vrishti Narayan,upasnadesai@example.net,Naihati
1475,Vedika Madan,tandonarin@example.net,Kakinada
1355,Udarsh Borah,vincent59@example.org,Phusro
54,Ekaja Ahluwalia,nazarethhitesh@example.net,Nagercoil
720,Baghyawati Sarna,chandran37@example.net,Katni
1254,Kashish Gala,takmanya@example.com,Bilaspur
349,Vansha Keer,buchindira@example.com,Chittoor
652,Balvan Pandit,fradodas@example.com,Tirupati
1752,Dhriti Rama,sbera@example.org,Patiala
937,Tanish Kapadia,issacnisha@example.org,Ramgarh
54,Ekaja Ahluwalia,nazarethhitesh@example.net,Nagercoil
1430,Pahal Andra,rpalla@example.com,Giridih
46,Ishanvi Roy,,Maheshtala
1785,Tara Gupta,invalid_email,Kharagpur
196,Gautam Bajwa,nayaksiya@example.com,Guwahati
62,Warjas Radhakrishnan,tanejakeya@example.com,Adoni
1635,Ayaan Chaudhry,omyachanda@example.net,Tenali
600,Rajeshri Suresh,gabrielkala@example.com,Siliguri
